Child ID,Village ID,Serial #1,Serial #2,Date #2,Serial #3,Date #3,Serial #4,Date #4,Serial #5,Date #5,Serial #6,Date #6,Serial #7,Date #7,Serial #8,Date #8
UGRZSR,86,6116002638,6111000290,2018-03-19,5A28001215,2018-08-22,,,,,,,,,,
BUGBFT,86,5A28001072,6116001527,2018-03-19,6118002407,2018-04-18,6116002364,2018-08-22,6115001453,2018-09-17,,,,,,
QHWVFA,86,6116001203,5A28001065,2018-03-19,6111000307,2018-06-19,5A27000814,2018-08-22,,,,,,,,
BPQVAA,86,6118002113,5A21000609,2018-02-20,6116002578,2018-03-19,6111000307,2018-07-10,5A22000897,2018-08-22,,,,,,
MZAUTW,86,6116001458,5A29000653,2018-03-19,6118002407,2018-05-02,6111002104,2018-08-22,,,,,,,,
XNHYQY,86,6118002620,6118003567,2018-03-19,5B13002368,2018-08-22,,,,,,,,,,
PHGPEK,86,5A27002193,6109000134,2018-03-19,6116002533,2018-05-22,5B20001369,2018-08-22,5B20001199,2018-11-20,5A28000348,2019-02-06,,,,
WGMGCB,86,5A27000924,6111000307,2018-03-19,6116002533,2018-05-29,6118002900,2018-08-22,,,,,,,,
MVKFQP,86,6118002850,6111000756,2018-03-19,6116001797,2018-08-22,,,,,,,,,,
HAPQSP,86,6118002124,6123001044,2018-03-19,6116001996,2018-12-22,6116001008,2018-12-11,,,,,,,,
HRNMHP,86,6118002254,6111000156,2018-03-19,6116000875,2018-08-22,,,,,,,,,,
SPARE,86,5A21000609,6115001371,2018-02-28,6118002407,2018-03-19,5A27002268,2018-04-25,6116002533,2018-05-17,5B20001199,2018-08-22,,,,
XGUHEY,87,6118002759,6109001185,2018-03-19,6118002613,2018-08-22,5A27001962,2019-02-04,,,,,,,,
NHYRBN,87,6129001989,6129001065,2018-03-19,6116001866,2018-05-14,5A28002557,2018-08-22,,,,,,,,
TZNQYG,87,6118001720,6118003039,2018-03-19,6111001627,2018-04-30,6115000561,2018-08-22,,,,,,,,
RFYWRW,87,6130000247,6126000092,2018-03-19,6118001895,2018-08-22,,,,,,,,,,
UNWPSY,87,6118002229,6111001023,2018-03-19,6116002733,2018-08-22,,,,,,,,,,
FMEGMG,87,6115001496,5A29001454,2018-03-19,6116002679,2018-08-22,,,,,,,,,,
ZCVUGY,87,6118002086,5A27000805,2018-03-19,6115000461,2018-08-22,,,,,,,,,,
MCKZFF,87,6118002705,6118001995,2018-03-19,6116001697,2018-03-26,5A27001974,2018-07-23,5A27001749,2018-08-22,,,,,,
YBASHQ,87,6116001536,6118001625,2018-03-19,6115002258,2018-08-22,,,,,,,,,,
SPARE,87,5B13001962,6116001697,2018-03-19,6111001627,2018-04-03,6118001995,,5A27001974,2018-05-21,5A27001962,2018-08-22,,,,
WEKNWA,88,6112001106,5A28002179,2018-03-19,6116001185,2018-08-22,,,,,,,,,,
ETGWFB,88,5B13002351,6116001052,2018-03-19,5B12004780,2018-08-22,,,,,,,,,,
WVVZCX,88,6116002157,6111000974,2018-03-19,6112000087,2018-05-21,5A27000715,2018-08-22,6111000435,2018-11-12,,,,,,
TZKHEG,88,5A27001392,6118002838,2018-03-19,6111001959,2018-04-30,5B12003394,2018-08-22,,,,,,,,
ZSPVUG,88,6118002316,6116001508,2018-03-19,6116002587,2018-05-14,6118002696,2018-08-22,5A27000654,2018-11-12,,,,,,
WXHYGA,88,6111001950,6116001156,2018-03-19,6116002759,2018-04-30,6118003072,2018-08-22,,,,,,,,
UYUGTM,88,6116001619,5A28000222,2018-03-19,6112001281,2018-08-22,6118002454,2018-11-26,,,,,,,,
HGPKXZ,88,6114000126,6113001068,2018-03-19,6118002002,2018-08-22,,,,,,,,,,
RMCQCW,88,6129002168,6118003026,2018-03-19,6115000521,2018-05-21,5B05001763,2018-08-22,,,,,,,,
QFVUKY,88,6116001214,5A28002272,2018-03-19,6116002154,2018-08-22,,,,,,,,,,
VNUHYC,88,6118002108,6115000448,2018-03-19,6130000236,2018-08-22,,,,,,,,,,
NEUMBC,88,5A27000513,6118001801,2018-03-19,5A27001619,2018-08-22,,,,,,,,,,
GUEHHG,88,6115001446,6115001389,2018-03-19,6116001759,2018-08-22,5A28002135,2019-02-11,,,,,,,,
QGMZRW,88,6129002216,6116002331,2018-03-19,6116001161,2018-08-22,6118002574,2019-01-07,,,,,,,,
FGPQNM,88,5B13001433,6116002010,2018-03-19,6111001579,2018-04-30,6115001201,2018-08-22,,,,,,,,
BFKYRP,88,6116001343,5B20001163,2018-03-19,5A28000993,2018-08-22,5A23001240,2018-10-16,,,,,,,,
GZMGEQ,88,6112000003,6116002314,2018-03-19,6118002852,2018-08-22,,,,,,,,,,
CSQKXV,88,6116001049,5A27001733,2018-03-19,5A28001276,2018-08-22,,,,,,,,,,
XKPVUR,88,6111002081,6111001963,2018-02-19,6111000051,2018-03-19,6116001686,2018-08-22,5B13000670,2018-12-17,,,,,,
XYTZPT,88,6114000038,6118003200,2018-03-19,6111002063,2018-05-21,5B12002863,2018-08-22,,,,,,,,
HEGQVN,88,5A27001997,6116002242,2018-03-19,6112001211,2018-08-22,,,,,,,,,,
SPARE,88,6111001963,6118002581,2018-03-19,5A28001240,2018-08-22,,,,,,,,,,
CHQMVM,89,6116001488,5A28001643,2018-01-30,5A28002470,2018-03-19,,2018-07-10,,,,,,,,
ZCKZSK,89,5A29000637,6118003114,2018-03-19,6118002354,2018-06-26,6116001822,2018-08-22,,,,,,,,
KABZXF,89,6116001700,6116001838,2018-01-17,6116002761,2018-02-13,6112001360,2018-04-24,6111001957,2018-05-16,6116001585,2018-06-26,5B12003367,2018-07-31,5A28000417,2018-08-22
SQKHXS,89,5A27001314,5A29000433,2018-03-19,6118002192,,5B12003398,2018-05-22,6111001887,2018-07-04,6116001606,2018-08-22,5A27001708,2018-12-18,,
WHBXVZ,89,5A28001261,6118002727,2018-03-19,6118003251,2018-05-16,6116001535,2018-08-22,,,,,,,,
WBAHPG,89,6116001190,6116002035,2018-02-20,6114000070,2018-03-05,6118003534,2018-03-19,5B12003796,2018-05-16,6128000842,2018-08-22,,,,
VACWHX,89,6118002133,6118002192,2018-03-19,6118002457,2018-05-16,5A27001696,2018-05-22,6116001751,2018-06-19,5B20002286,2018-08-22,5A28000797,2018-11-08,,
NMNWSH,89,6116001613,6118002973,2018-03-19,5A28001052,2018-08-22,6109000149,2018-11-12,6111000123,2018-11-22,,,,,,
YEMEUZ,89,6130000160,6111002124,2018-03-19,5A23001116,2018-06-05,6111002100,2018-08-22,6116001937,2019-01-02,,,,,,
QHHZCG,89,6114000008,6111000636,2018-03-19,6111000586,2018-08-22,,,,,,,,,,
MYHVNR,89,6129002300,6116002145,2018-01-10,6118003349,2018-03-19,6111002117,2018-04-09,6111002124,2018-06-12,6129001117,2018-08-22,6116002825,2018-09-17,,
GPHZAC,89,6111002070,6116002361,2018-03-05,6111001833,2018-03-19,6118003158,2018-06-19,5B20001069,2018-08-22,,,,,,
CVZAXQ,89,6130000158,6118001910,2018-02-20,6116001429,2018-03-19,5B20001229,2018-08-22,5B20001374,2018-12-03,,,,,,
ZQTPAR,89,6112001184,6128000644,2018-03-19,5B20001420,2018-05-16,6116001330,2018-08-22,6129000998,2018-11-12,5B20001354,2019-01-07,,,,
SUTXHQ,89,6129000663,6118003087,2018-03-19,6118003052,2018-05-02,5A27000676,2018-08-22,6116002265,2018-11-12,,,,,,
,89,6130000239,5A27001530,2018-03-19,5A27001344,2018-08-22,,,,,,,,,,
NSMNFV,89,6130000229,6118003468,2018-03-19,6114000112,2018-05-16,5A27001886,2018-08-22,,,,,,,,
,89,6118003069,6111001887,2018-03-19,5A27001530,,6118002847,2018-05-16,5A27001696,2018-06-26,6118003578,2018-07-24,5A22000736,2018-08-22,6109000149,2018-11-29
KCEHCS,89,6118002042,6118001734,2018-03-19,6129002080,2018-04-04,5A28001036,2018-04-24,,2018-06-20,,,,,,
UGNCPR,89,6129002317,5A22000869,2018-03-19,6111001824,2018-04-18,6111002117,,6114000004,2018-08-07,5B20002190,2018-08-22,,,,
KKCKYY,89,5A28000924,6118001843,2018-03-19,6116001612,2018-08-22,,,,,,,,,,
BHWNAM,89,6111001680,6118002419,2018-03-19,5A28000163,2018-06-26,6118002219,2018-08-22,6116002481,2018-10-01,,,,,,
EXTRA,89,6111000620,6113001683,2018-05-02,6118002847,2018-07-31,6116001786,2018-08-22,6118003517,2018-12-11,,,,,,
SPARE,89,6116001838,6116002761,2018-01-30,6112001360,2018-02-28,6129002080,2018-03-19,6118003052,2018-05-02,5A23001116,2018-05-29,6116002825,2018-08-22,6116002480,2019-01-16
UVQCFM,90,6118003451,6118002427,2018-03-19,6118002196,2018-08-22,5B20001405,2018-11-28,,,,,,,,
WMYUNQ,90,5B13002359,6118002836,2018-03-19,5A27000980,2018-08-22,,,,,,,,,,
QTFXVE,90,6116001668,6118001685,2018-03-19,5B05001882,2018-08-22,,,,,,,,,,
BZFZQF,90,6118002554,5A22001051,2018-03-19,6112001272,2018-08-22,,,,,,,,,,
MFQKHV,90,5B12003117,6116000876,2018-02-15,6118003213,2018-03-19,6111002172,2018-08-22,,,,,,,,
REKFRB,90,5B14002041,6111001106,2018-03-19,6118003014,2018-08-22,5A29001481,2018-12-24,,,,,,,,
MYUHEV,90,5A28001231,6118002785,2018-03-19,6116000890,2018-08-22,,,,,,,,,,
CNBQUG,90,6111002101,6116002563,2018-03-19,5A22001064,2018-08-22,,,,,,,,,,
HFGPZP,90,5B13002344,5A22000792,2018-03-19,6118003334,2018-08-22,,,,,,,,,,
GTYRSN,90,6129001876,6118001709,2018-03-19,6116002135,2018-08-22,,,,,,,,,,
WVVRAN,90,6118002566,6118002764,2018-03-19,6115000481,2018-08-22,,,,,,,,,,
MGYHCV,90,6130000093,6118003317,2018-03-19,6129000366,2018-08-22,,,,,,,,,,
GFZAPR,90,6111002104,6118002093,2018-03-19,5A27000478,2018-08-22,,,,,,,,,,
XVZCAF,90,6116000819,6116001903,2018-03-19,5A27001530,2018-08-22,6118002213,2018-11-20,,,,,,,,
XYFPHR,90,6116001605,6111000906,2018-03-19,6118001671,2018-08-22,6111000251,2019-02-15,,,,,,,,
CMBUKH,90,5B05001790,5A27000588,2018-03-19,6116001129,2018-08-22,,,,,,,,,,
EXTRA,90,6129001207,6118002796,2018-08-22,,,,,,,,,,,,
EXTRA,90,6113001057,5A28001979,2018-08-22,,,,,,,,,,,,
EXTRA,90,6111000027,5B20002255,2018-08-22,5B20002255,2018-12-18,,,,,,,,,,
EXTRA,90,5A29000831,5A27001395,2018-08-22,,,,,,,,,,,,
EXTRA,90,6115000451,6116001579,2018-08-22,,,,,,,,,,,,
SPARE,90,6116000876,6116003321,2018-02-15,5A29001357,2018-03-08,5A28000209,2018-03-19,6118002213,2018-08-22,,,,,,
CNKFSV,91,6129002179,6118002742,,6115000497,2018-03-19,6118002998,2018-05-23,5A27002152,2018-08-22,,,,,,
NYHXPH,91,6118003073,6116001329,2018-03-19,6111001840,2018-04-29,6116002267,2018-08-22,6111001073,2018-10-17,,,,,,
PWQPXC,91,6130000023,5B12003531,2018-03-19,6116002844,2018-08-22,,,,,,,,,,
ARXXFK,91,5B13002341,6130000196,2018-01-24,5A27002010,2018-03-19,6116002502,2018-08-22,,,,,,,,
EQVXRX,91,5A23001664,6116001900,2018-01-30,6116001703,2018-03-19,6111000617,2018-04-17,6111000164,2018-08-22,,,,,,
NEMBBV,91,6118001649,6111000669,2017-12-19,6118002619,2018-03-19,6118003519,2018-08-22,,,,,,,,
NNNRYP,91,6115001584,6116002032,2018-03-19,6118002589,2018-06-05,5A28002331,2018-08-22,,,,,,,,
CMNNER,91,6116001729,6118002596,2017-12-19,5A29001326,2018-03-19,5A27000731,2018-04-10,6116001678,2018-04-17,6111002160,2018-04-29,6116000881,2018-08-22,,
WGYEAM,91,6130000071,5A22000824,2018-03-19,6111000377,2018-08-22,6111000169,2019-01-09,,,,,,,,
ZTPQZW,91,6118003522,6118001932,2018-03-19,6118003319,2018-06-13,6109000351,2018-08-22,,2018-12-13,,,,,,
MSBNMQ,91,5B13000889,6116000984,2018-03-19,6111000688,2018-05-29,6118003243,2018-08-22,,,,,,,,
YKUWXF,91,5B13002215,6129000850,2018-01-24,6129001133,2018-03-19,5A27001633,2018-04-17,5B13002013,2018-04-29,6114000048,2018-06-27,6115001645,2018-08-22,,
VTHYCU,91,6116001577,6115000983,,5A27000763,2018-01-30,6118002686,2018-03-19,6116000842,2018-08-22,,2018-12-13,,,,
SNUVXR,91,5B13001113,6111000669,2017-12-18,5A29001262,2018-03-19,6116001321,2018-08-22,6118003032,2018-12-17,,,,,,
EXTRA,91,6115001553,6115000807,2018-08-22,,,,,,,,,,,,
EXTRA,91,5C04000177,5A27002002,2018-08-22,,,,,,,,,,,,
EXTRA,91,6111001883,6111000128,2018-04-29,6127001526,2018-08-22,,,,,,,,,,
EXTRA,91,5A29001274,6116002022,2018-08-22,,,,,,,,,,,,
EXTRA,91,5A28001810,5A27001432,2018-08-22,,,,,,,,,,,,
EXTRA,91,6118002598,6118001594,2018-08-22,,2018-12-13,,,,,,,,,,
EXTRA,91,5A28000351,5A28000988,2018-08-22,,,,,,,,,,,,
SPARE,91,6111000669,6116002721,2017-12-26,6129001885,2018-01-30,5A27000731,2018-03-19,6118002257,2018-08-22,,,,,,
YCSKNN,92,6115001278,6118001646,2018-03-19,5B20002326,2018-08-02,6111001060,2018-08-22,,,,,,,,
XWBYWF,92,6113000622,6116001168,2018-03-19,6116000942,2018-08-08,5B13001505,2018-08-22,,,,,,,,
RPKEPZ,92,6112000060,6109000163,2018-03-19,5A23001522,2018-08-22,,,,,,,,,,
QZXYUZ,92,6130000230,6116001698,2018-03-19,5A23002669,2018-08-22,,,,,,,,,,
EMATTY,92,6116001590,6111000037,2018-03-19,5B12002653,2018-08-22,,,,,,,,,,
SBQEXB,92,6118002692,6118001533,,6116002120,2018-08-22,6118001748,2018-12-05,,,,,,,,
KGEPAV,92,5B13001498,6118003601,2018-03-19,5B13001468,,6111000748,2018-05-01,6111001619,2018-06-13,5A27001639,2018-08-22,,,,
FBFPBC,92,5A27000859,6111001830,2018-03-19,6116001472,2018-08-22,,,,,,,,,,
RRTGVR,92,6129002336,6118002672,2018-03-19,5B12004343,2018-08-22,,,,,,,,,,
RQSYZB,92,6111002005,6116001229,2018-03-19,5A27002022,2018-05-01,6126000507,2018-08-22,,,,,,,,
XCUUYG,92,5A28000985,,,,2018-03-19,,,,,,,,,,
NYQZXP,92,5B13001409,6116002240,2018-03-19,5A27000941,2018-05-23,6118002782,2018-08-22,,,,,,,,
ZNQBWP,92,6116001303,6116002339,2018-03-19,6109001444,2018-08-22,,,,,,,,,,
XKXAGY,92,6112001352,5A29000649,2018-03-19,6116000886,2018-08-22,,,,,,,,,,
APUUQF,92,6116000877,5B20001191,2018-03-19,5A27001715,2018-04-18,6118002588,2018-08-22,6116002234,2019-01-23,,,,,,
CEBMZF,92,5B13000744,,2018-03-19,,,,,,,,,,,,
FMNPVG,92,5B13001684,6118001608,2018-03-19,5A28001786,2018-08-22,,,,,,,,,,
PXKSRC,92,5A27001940,6118002394,2018-02-15,6116002740,2018-03-19,6118002783,2018-08-22,,,,,,,,
EXTRA,92,6115000483,6118003139,2018-05-09,6116001687,2018-08-22,5B13001090,2019-01-17,,,,,,,,
EXTRA,92,6118002778,6115001631,2018-08-22,6118003608,2019-01-17,,,,,,,,,,
EXTRA,92,6118002685,5B20002326,2018-07-02,6111001877,2018-08-22,,,,,,,,,,
EXTRA,92,6118002037,5A27001545,2018-08-22,,,,,,,,,,,,
EXTRA,92,6115001503,5A28001168,2018-08-22,,,,,,,,,,,,
SPARE,92,6118002394,6114000123,2018-03-19,5A27002022,2018-03-19,6118003608,2018-08-22,6111001889,2019-01-23,,,,,,
NVGKSX,93,6129002208,6116002193,2018-03-19,5B20001809,2018-06-25,5B12003379,2018-08-22,,,,,,,,
XKTNCW,93,6116001868,6116001972,2018-03-19,6116002296,2018-08-22,,,,,,,,,,
NXVPQA,93,6118001954,,,,,,,,,,,,,,
PETTUU,93,6115000615,6116001453,2018-03-19,6129001165,2018-08-22,,,,,,,,,,
WZKAHC,93,6118002167,6113001697,2018-03-19,6111000178,2018-08-22,,,,,,,,,,
XSFTMK,93,5A22000952,6109001591,2018-03-19,6118002824,2018-08-22,,,,,,,,,,
RVQNUU,93,6130000054,6118002589,2018-02-28,6116002537,2018-03-19,6111001607,2018-04-09,6129002299,2018-08-22,6116001788,2018-09-03,,,,
KUXVWZ,93,6118002493,5A22000854,2018-03-19,5A27001443,2018-06-25,6116001604,2018-08-22,,,,,,,,
CRXVZH,93,6115000417,6116001611,2018-02-12,6116001123,2018-03-19,6116001178,2018-08-22,,,,,,,,
RXRKMV,93,6116002202,6115001265,2018-03-19,6115001443,2018-08-22,,,,,,,,,,
VXBBVE,93,5B13000781,6118002789,2018-03-19,6127001519,2018-08-22,,,,,,,,,,
MTWPGC,93,6115000508,6126000273,2018-03-19,5A27000657,2018-08-22,,,,,,,,,,
MRBXEB,93,6115000469,5A28002499,2018-03-05,6118002700,2018-03-19,5A27001643,2018-08-22,,,,,,,,
AQCRGY,93,6118002751,6118003009,2018-03-19,6111001909,2018-07-25,6116002436,2018-07-30,6116001658,2018-08-22,,,,,,
EYFHEY,93,5A27001571,6115000567,2018-03-19,6118002610,2018-08-22,,,,,,,,,,
FTRFZX,93,6130000133,5A27000597,2018-03-19,6129002191,2018-08-22,,,,,,,,,,
KKQCUZ,93,5B13002200,6111001096,2018-03-19,6115000384,2018-08-22,,,,,,,,,,
QXGSBX,93,6116002233,6116001195,2018-03-19,5A28002562,2018-08-22,,,,,,,,,,
EXTRA,93,5A27000649,6116002806,2018-08-29,,,,,,,,,,,,
KVPZAU,93,6130000123,6118002658,2018-03-19,5B13001544,2018-08-22,,,,,,,,,,
FVGKSS,93,5B13000735,6113000578,2018-03-19,6129001498,2018-08-22,,,,,,,,,,
EXTRA,93,5A27000716,5A23002751,2018-08-22,,,,,,,,,,,,
SPARE,93,6116001611,6111001607,2018-03-19,6116001788,2018-08-22,6116001522,2018-08-22,,,,,,,,
VNFATG,94,6111001958,6118003095,2018-01-29,6111000262,2018-03-19,6116002516,2018-05-22,6113001046,2018-08-22,,,,,,
REGSAX,94,6118002600,6118002001,2018-03-19,6116001531,2018-05-22,6111000579,2018-08-22,,,,,,,,
VAKZFM,94,5B13002283,6111001869,2018-03-19,5A28000969,2018-08-22,,,,,,,,,,
KHTPHF,94,6116001237,6116001901,2018-03-19,6116001238,2018-08-22,,,,,,,,,,
MSRTQS,94,6116002319,5A27001254,2018-03-19,5A27000462,2018-04-11,5B05002169,2018-08-22,,,,,,,,
USTPPU,94,6115000393,6118002656,2018-03-19,6116002353,2018-08-22,,,,,,,,,,
MPPTNS,94,5A29000397,6111001911,2018-03-19,,,,,,,,,,,,
ZMUCNY,94,6129000692,6113001699,2018-03-19,6111000438,2018-08-22,6129001326,2019-01-22,,,,,,,,
KZSPPV,94,6116002547,5A29001283,2018-03-19,5A27001951,2018-08-22,,,,,,,,,,
HSTTTX,94,5B13002496,6118002924,2018-02-27,5A27002032,2018-03-19,6116001318,2018-08-22,,,,,,,,
FPVWUE,94,5A28001222,6118002525,2018-03-19,5A22000897,2018-04-16,5A27001692,2018-05-22,6116002843,2018-06-19,5A22000854,2018-06-26,5A28000942,2018-08-22,,
WERXWY,94,5A23002820,6116001356,2018-03-19,5B20002359,2018-08-22,,,,,,,,,,
WXMUPP,94,6116001263,6111000668,2018-03-19,6116002082,2018-08-22,,,,,,,,,,
GRSWHC,94,6116000751,6111001910,2018-03-19,6116002843,2018-06-05,5A27001461,2018-08-22,,,,,,,,
KEXUES,94,5A28001224,6118003036,2018-03-19,5B20002395,2018-08-22,,,,,,,,,,
EXTRA,94,6118003006,5A23002623,2018-05-29,6116001431,2018-08-22,6114000384,2019-01-22,,,,,,,,
YXHPXN,94,6116001487,5A27000789,2018-03-19,6116002083,2018-03-19,6116002622,2018-08-22,6118002495,2018-10-30,,,,,,
RAPKMR,94,6118003079,6116000825,2018-03-19,6118002673,2018-08-22,,,,,,,,,,
EXTRA,94,6116001881,6114000213,2018-05-16,6118003123,2018-08-22,,,,,,,,,,
EXTRA,94,6115001383,6116002558,2018-08-22,,,,,,,,,,,,
EXTRA,94,5A28002583,5A27001609,2018-05-22,6115002438,2018-08-22,,,,,,,,,,
EXTRA,94,5B04000194,6118001913,2018-08-22,,,,,,,,,,,,
SPARE,94,6118003095,6118002629,2018-02-27,5A22000897,2018-03-19,5A27000362,2018-08-22,,,,,,,,
VYRPAT,95,6116001426,6116001014,2018-03-19,5B12003659,2018-05-21,6111001901,2018-08-22,,,,,,,,
BMMBVE,95,6118002073,6111001917,2018-03-19,6129001121,2018-04-03,6116002858,2018-08-22,,,,,,,,
SGMTWX,95,6118001805,6111001675,2018-02-12,6115000574,2018-03-19,6114000046,2018-05-14,6118002253,2018-08-22,,,,,,
GEXHNQ,95,6116001718,6111001618,2018-03-19,6113001037,2018-04-30,5A23001869,2018-06-04,6118002498,2018-08-22,,,,,,
BFVVYM,95,5B13001640,5A29001387,2018-03-19,5B23001020,2018-05-21,5A22000684,2018-08-22,,,,,,,,
TWPHPA,95,5A27000764,5A28001963,2018-03-19,6130000245,2018-08-22,5B12004421,2019-01-14,6116002561,2019-02-04,,,,,,
KBMRFC,95,6118002204,5B13002422,2018-02-05,6111001826,2018-03-19,6111000950,2018-05-14,5A27002075,2018-07-03,6116000971,2018-08-22,6116002400,2019-01-14,,
QPFMVQ,95,5B13000863,6118002298,2018-02-19,5A29000486,2018-03-19,6111001557,2018-05-14,5A29001407,2018-06-21,6116001061,2018-08-22,6111001893,2019-01-10,,
KHYANA,95,6118002516,6126001945,2018-02-12,5A23001869,2018-03-19,5B20001377,2018-05-28,5A28001937,2018-08-22,,,,,,
FKKRQS,95,6116001917,6118002710,2018-03-19,6118003199,2018-08-22,,,,,,,,,,
SRTENG,95,6116000892,6116002318,2018-03-19,6116000892,,6111001552,2018-04-30,6116002613,2018-08-22,5B13001015,2018-08-28,,,,
PXRBSS,95,6118003260,6113001692,2018-03-19,6116002066,2018-05-21,5B20002373,2018-08-22,,,,,,,,
NTTMSK,95,6129000629,6116002600,2018-03-19,6129000629,,6118002618,2018-05-30,6116001460,2018-08-22,,,,,,
EXTRA,95,5A22000863,6113000237,2018-08-22,,,,,,,,,,,,
EXTRA,95,6118002095,6115000593,2018-05-14,5A27002001,2018-08-22,6116001438,2018-09-06,5A27000717,2019-02-04,,,,,,
EXTRA,95,6116002709,5A28000405,2018-04-30,6111001557,2018-07-30,5A27001452,2018-08-22,5A27001626,2018-12-24,,,,,,
EXTRA,95,5B13000692,5A27001937,2018-08-22,,,,,,,,,,,,
EXTRA,95,6118002515,5A28001295,2018-05-14,6116001411,2018-07-30,5A27000558,2018-08-22,,,,,,,,
EXTRA,95,5A28000163,5A29001387,2018-06-18,5A28000114,2018-08-22,,,,,,,,,,
EXTRA,95,5A27000621,6129001894,2018-05-14,6116001412,2018-08-22,6111001959,2019-02-11,,,,,,,,
EXTRA,95,6111001089,6115001546,2018-04-23,6116001722,2018-06-11,6113000738,2018-08-22,5A27001289,2019-02-11,,,,,,
SPARE,95,5B13002422,6129001121,2018-03-19,5B20001377,2018-05-21,5B13001015,2018-08-22,,,,,,,,
FUSRXE,96,6116001873,6118002565,2018-03-05,6118003575,2018-03-19,5A28001923,2018-08-22,,,,,,,,
QGGVEN,96,6118003291,5A22000662,2018-03-19,6118003089,2018-08-22,,,,,,,,,,
RVVVSK,96,6112001112,6116002715,2018-03-19,6116001582,2018-08-22,5A27001504,2018-11-06,,2019-01-08,,,,,,
UYHCBS,96,6129001982,5A27001683,2018-03-19,5A23001442,2018-08-22,6118002172,2018-10-31,,,,,,,,
NWHCVN,96,6115001539,5A29001271,2018-03-19,5A23002732,2018-08-22,,,,,,,,,,
MQNFXW,96,6116001534,6108000650,2018-03-19,6118002463,2018-08-22,,,,,,,,,,
AWWFCA,96,6116001601,6116001496,2018-03-19,6116002845,2018-08-22,,,,,,,,,,
FFGUXV,96,5A29000569,,2018-03-19,,,,,,,,,,,,
GYGKXB,96,6118002825,6116000855,2018-03-19,6118002159,2018-08-22,6116001678,2019-01-08,,,,,,,,
CQVZSP,96,6118001854,6129002240,2018-03-19,6118003607,2018-08-22,,2019-01-08,,,,,,,,
XWCKBG,96,6116001490,6118002952,2018-03-19,6118003329,2018-08-22,5B20002011,2018-10-31,,,,,,,,
YUFMWA,96,6116001784,6118002102,2018-03-19,5B20001232,2018-08-22,,,,,,,,,,
NWRWET,96,6116001655,6118002718,2018-03-19,6118002182,2018-08-22,,,,,,,,,,
RRGYMW,96,6118003604,5A27000022,2018-03-19,6116002009,2018-08-22,,,,,,,,,,
BXYAPP,96,6116001041,6115000983,2018-03-19,6118001750,2018-08-22,6116002493,2019-01-08,,,,,,,,
VUBFBE,96,6118002149,6114000024,2018-02-19,5427001537,2018-03-19,6116000966,2018-07-31,6118002599,2018-08-22,,,,,,
ZXERZB,96,6116002037,5A28002545,2018-03-19,5A27000071,2018-08-22,,,,,,,,,,
MEZHTG,96,6112001270,5A22001269,2018-03-19,6129000602,2018-08-22,6118002180,2019-01-08,,,,,,,,
QUGMVG,96,6115000427,6116002161,2018-03-19,6115001556,2018-08-22,,,,,,,,,,
AWXSTM,96,6118003484,,,,,,,,,,,,,,
AVZZPZ,96,6130000058,6116000788,,6118002808,2018-03-19,5B12002485,2018-08-22,,,,,,,,
EXTRA,96,6116001926,,,,,,,,,,,,,,
EXTRA,96,6118001807,,,,,,,,,,,,,,
SPARE,96,5A27001484,6109000111,2018-03-19,5A27000551,2018-08-22,,,,,,,,,,
GPARGR,97,5B13000847,5A28000364,2018-03-19,6111000851,2018-08-22,,,,,,,,,,
YASWXB,97,6118003400,6116002248,2018-03-19,5B12002906,2018-08-22,,,,,,,,,,
UWYCXB,97,6118002272,5A27001646,2018-03-19,6118002267,2018-08-08,6116001012,2018-08-22,,,,,,,,
RBXQMT,97,6116000789,6116001269,2018-03-19,6116002316,2018-08-22,,,,,,,,,,
GWUSFU,97,5A28000074,5A27000560,2018-03-19,6118003195,2018-07-09,5A28002450,2018-08-22,6111001816,2019-01-09,,,,,,
ATBTCE,97,6116002340,6118001796,2018-03-19,6115001285,,6118002267,2018-08-08,6115000455,2018-08-22,,,,,,
CRGATC,97,6129002251,6128000886,2018-03-19,6118003293,2018-08-22,,,,,,,,,,
ZHWQHB,97,6115001514,6111000652,2018-03-19,5B20001261,2018-08-22,,,,,,,,,,
WNGEWZ,97,6129000813,6111000599,2018-03-19,5A28000083,2018-08-22,,,,,,,,,,
RTRTPH,97,6116001792,6129001312,2018-03-19,5A29001286,2018-08-22,,,,,,,,,,
KNGBNP,97,6118002212,6111000341,2018-03-19,6116002629,2018-06-27,5A27000801,2018-08-22,,,,,,,,
CMNNER,97,5A28002687,5A27000589,2018-03-19,5A27000589,2018-07-09,6116000758,2018-08-22,,,,,,,,
BCVEYM,97,5B13002366,6129001197,2018-03-19,6112001259,2018-08-22,,,,,,,,,,
APYMRC,97,6116001555,6115000810,2018-03-19,6116001194,2018-08-22,,,,,,,,,,
WYZFXS,97,5A28001052,5A27000962,2018-03-19,5A28000854,2018-08-13,5B12002576,2018-08-22,,,,,,,,
VVVSZH,97,6116002016,5A27001721,2018-03-19,5A28002608,2018-08-22,,,,,,,,,,
TGHTTR,97,6116001951,6111001765,2018-03-19,5B13002366,2018-07-30,6111001962,2018-08-22,,,,,,,,
SRUXBM,97,6116001584,5A22000149,2018-03-19,6118002062,2018-08-22,6116001507,2018-11-20,,,,,,,,
VKRVKA,97,6116001317,6115001285,2018-03-19,5A27001828,2018-08-22,6116002476,2018-11-14,,,,,,,,
PSAWZA,97,6112001273,6129000669,2018-03-19,6130000093,2018-07-30,5A28000943,2018-08-22,,,,,,,,
AMRMYR,97,6118002503,6118001763,2018-03-19,6118002958,2018-08-08,6116002028,2018-08-22,6116002596,2018-10-03,,,,,,
SPARE,97,5A27000712,6118002088,2018-03-19,6118002762,2018-08-22,,,,,,,,,,
GNHWRX,98,6118002655,6118003339,2018-03-19,6116001900,2018-08-30,6115001357,2018-08-22,,,,,,,,
XYBTGK,98,6115001204,6116001783,2018-03-19,6118002697,2018-08-22,,,,,,,,,,
PKRTXP,98,6129002294,6116002230,2018-03-19,6118002217,2018-08-22,,,,,,,,,,
NEWEZU,98,5A21000530,6116001414,2018-03-19,6126000442,2018-05-15,6113000996,2018-08-22,,,,,,,,
UMZVYM,98,6116002741,5A29001381,2018-03-19,5A27000777,2018-08-22,,,,,,,,,,
YFMSSB,98,6116001221,5B13002253,,5A29001403,2018-03-19,6116001059,2018-08-22,6129001316,2018-10-24,,,,,,
ENFAFN,98,6114000036,5A22001137,2018-03-19,6118002690,2018-08-08,5A22000624,2018-08-22,,,,,,,,
XTZSNK,98,5A29000379,6111001207,2018-03-19,6111001090,2018-08-22,,,,,,,,,,
RHNEPB,98,6129002329,6118002074,2018-03-06,6118002999,2018-03-19,6115002153,2018-08-22,6116001278,2018-10-09,6111001952,2019-01-24,,,,
UCAVNX,98,6116001211,6118003055,2018-03-19,6116001420,2018-05-15,6116002765,2018-08-22,5A28001900,2018-10-09,6116001453,2019-01-24,,,,
TNTFYU,98,6118002952,6116002551,2018-03-19,6111001249,2018-05-15,5A23002863,2018-08-22,6116002488,2018-09-13,,,,,,
NYBUTA,98,6118002593,6111000257,2018-03-19,6129001043,2018-05-15,6116002356,2018-08-22,,,,,,,,
CBRVMM,98,6118002569,6115000578,2018-03-19,5A21000973,2018-08-08,6116002179,2018-08-22,6116001425,2018-10-09,,,,,,
NCKRRA,98,6130000019,5A27001566,2018-03-19,6130000246,2018-08-22,,,,,,,,,,
XQQEYX,98,5B13001132,5A22000995,2018-03-19,5A28001067,2018-08-22,,,,,,,,,,
UABGUX,98,5A29000594,5A29001266,2018-03-19,6116001109,2018-08-22,,,,,,,,,,
HPGNYY,98,6112001154,6116001048,2018-03-19,6116001939,2018-05-28,6118003058,2018-08-22,,,,,,,,
RCZFBG,98,5B13002499,5A29000449,2018-03-19,6118002085,2018-08-08,6118002190,2018-08-22,6118002924,2019-01-24,,,,,,
TTFUWK,98,6116001940,5A29000627,2018-03-06,6116000950,2018-03-19,6115001315,2018-05-15,6116001779,2018-08-22,,2019-01-24,,,,
SGVHSC,98,6130000177,5A28002199,2018-03-19,5A28002609,2018-08-22,,,,,,,,,,
WVRTWB,98,5A28000007,6113000258,2018-03-19,6116001727,2018-08-22,,,,,,,,,,
SPARE,98,5B13002253,6118002939,,6111000845,2018-03-19,5A22000771,2018-08-22,6116002435,2019-01-24,,,,,,
NHEMYT,99,6116001286,6118002698,2018-03-19,6109001411,2018-04-28,6116001829,2018-08-22,,,,,,,,
RRKFRY,99,6116001102,6114000546,2018-03-19,6118001628,2018-08-22,6118001709,2019-01-01,,,,,,,,
NQVNFP,99,5A28001041,6115000526,2018-03-19,6112001320,2018-08-22,,,,,,,,,,
SFTTAT,99,5A29000428,6116001852,2018-03-19,6116001852,2018-03-19,5B12003366,2018-05-21,6111001026,2018-08-22,,,,,,
QPAPUA,99,5A28001331,6116002185,2018-03-19,6118002568,2018-08-22,6111002024,2018-11-13,,,,,,,,
YGKXBC,99,5B13002272,6118002666,2018-03-19,5A27000959,2018-08-22,,,,,,,,,,
RKNPGU,99,5B13001190,6116002203,2018-02-12,6116001878,2018-03-19,6118003009,2018-08-22,,,,,,,,
NUPNPE,99,6115000558,6116001423,,6118002009,2018-03-19,6111001817,2018-05-21,6116001072,2018-08-22,5A23002905,2018-11-13,,,,
GMZBRU,99,6116001807,6129002341,2018-03-19,5A27001836,2018-05-23,6115001219,2018-05-30,6116002072,2018-07-23,6114000203,2018-08-22,,,,
ETHKUX,99,6111002132,6118002289,2018-03-19,6118002698,,6118003150,2018-07-23,6118002582,2018-08-22,,,,,,
FHQHTF,99,6116001053,6129001874,2018-02-12,6116002400,2018-03-19,5A27001765,2018-08-22,,,,,,,,
TCKUFX,99,6118002187,6115001399,2018-03-19,5A28001846,2018-08-22,,,,,,,,,,
YEGVUB,99,6118003044,6113000230,2018-03-19,6115001907,2018-08-22,,,,,,,,,,
GWSVWX,99,5B13002317,6116001180,,5A27000442,2018-03-19,6116001423,2018-05-21,6118002572,2018-08-22,6116001941,2019-01-08,,,,
AEHBHZ,99,6112000047,,,,,,,,,,,,,,
ZSKXFV,99,6118003210,6115000714,,5A28000370,2018-03-19,5B13002240,2018-08-22,,,,,,,,
PTVHTN,99,5B13002483,6118002387,2018-03-19,6116001743,2018-05-21,6118001508,2018-08-22,,,,,,,,
KXSHYB,99,5B13002169,5B20002421,2018-03-19,6111001366,2018-08-22,6111001005,2018-02-14,,,,,,,,
ZRUWZZ,99,6111002157,6115000842,2018-03-19,6118003209,2018-08-22,,,,,,,,,,
TCVBVC,99,6116001276,6118002028,2018-03-19,5A29001334,2018-04-17,6128000576,2018-08-08,5A29000723,2018-08-22,,,,,,
WTHKMF,99,6115000518,6111002146,2018-03-19,6116002059,2018-08-22,,,,,,,,,,
SPARE,99,6115000714,5B13002415,,6111001817,2018-03-19,6113000363,2018-05-21,5A29001450,2018-08-22,,,,,,
RNMTRC,100,6111001734,6130000207,2018-02-13,6111001714,2018-03-19,6118002110,2018-08-22,,,,,,,,
CXUUPN,100,6118001962,6111002033,2018-03-19,6115001122,2018-04-10,6128000688,2018-08-22,5A28001138,2019-01-02,,,,,,
RMCFNP,100,6116001402,5A27001818,2018-03-19,6118002092,2018-04-10,6116002566,2018-05-29,6115000553,2018-08-22,,,,,,
ZYVXKK,100,6118001586,5A28000053,2018-01-30,6116002181,2018-02-06,6111001769,2018-03-19,6116002048,2018-06-26,6111001061,,5A28000381,2018-08-22,,
XSZKKX,100,5A29000445,6128001009,2018-03-19,5A29000639,,6111001353,2018-06-26,6118002643,2018-08-22,5A28002621,2018-10-15,6118002643,2018-11-11,5A28001643,2018-11-29
RNXFYR,100,6129002211,5B13000761,2018-01-10,6115000795,2018-03-19,6114000576,2018-04-18,5B12003749,2018-08-22,,,,,,
XSTCBC,100,5A27000221,6118003281,2017-12-27,6116002250,2018-03-19,6111001832,2018-05-02,,,,,,,,
VMQYVA,100,6113001032,6128000850,2018-03-19,5A28000387,2018-08-22,6116002475,2018-12-11,,,,,,,,
XUFSAB,100,6118001612,6118002491,2018-01-10,6111001061,2018-03-19,,,,,,,,,,
EXTRA,100,6118002182,5A27000816,2018-04-24,6118003173,2018-05-22,5A29001477,2018-08-22,,,,,,,,
SPARE,100,6118003281,6113000656,2018-02-20,5A29000639,2018-03-19,5A27000816,,6111001832,2018-05-02,5A28002621,2018-08-22,,,,
UXWCNC,101,6115001676,6116002119,2018-03-19,6118001867,2018-07-04,6111002045,2018-08-22,,,,,,,,
WMZKGC,101,6129002240,5B13001136,2018-01-31,6116002617,2018-03-19,6114000056,2018-03-19,6116001160,2018-08-22,,,,,,
YXMPYQ,101,6118002472,6129000602,2018-02-28,6113000741,2018-03-19,5A28002156,2018-08-22,,,,,,,,
AMXWUG,101,6116002072,6116001981,2018-03-19,6113000722,2018-08-22,,,,,,,,,,
YGCEBB,101,6116000906,6116001147,2018-03-19,6116001370,2018-08-22,,,,,,,,,,
TPQGWM,101,6118002854,6112001153,2018-03-19,6116001234,2018-08-22,,,,,,,,,,
FURMRC,101,6116002132,6116001489,2018-03-19,6128001009,2018-08-22,6111000369,2018-09-26,,,,,,,,
EXTRA,101,6116001105,5A28001065,2018-08-01,6115001303,2018-08-22,,,,,,,,,,
YTAEGY,101,6118002441,6116001264,2018-03-19,6118002990,2018-08-22,,,,,,,,,,
UEHGNS,101,6114000004,5A27001515,2018-03-19,6115001558,2018-08-22,5A28000410,2018-09-26,,,,,,,,
HEVGEX,101,6129002203,6118002081,2018-03-19,6116001150,2018-08-22,,,,,,,,,,
GHVZHW,101,6116002589,5A27001199,2018-03-19,5A27002030,2018-08-22,,,,,,,,,,
ASHSGR,101,6130000188,6118002595,2018-03-19,5B12002787,2018-08-22,,,,,,,,,,
WSPGTU,101,6118002374,5A29001436,2018-03-19,5B13001559,2018-08-22,,,,,,,,,,
YWBXME,101,6116001661,5B05001875,2018-03-19,5B12003721,2018-08-22,,,,,,,,,,
WRZMGA,101,5B05002151,6116000763,2018-03-19,6118002165,2018-08-22,6118002423,2018-11-28,,,,,,,,
REKSEF,101,6130000193,5A23001941,2018-03-19,6116001422,2018-04-26,6118003587,2018-08-22,,,,,,,,
NGKYFA,101,6115001453,,,,,,,,,,,,,,
RQKYBX,101,5B13002468,5A27002120,2018-03-19,6114000857,2018-08-22,6116002283,2018-09-26,,,,,,,,
GRTAYP,101,6116001573,5A27000680,2018-03-19,6116001596,2018-08-22,6118002603,2018-10-31,5A27001336,2018-11-07,,,,,,
FVCNPC,101,6116002226,6116001692,2018-03-19,6116001324,2018-08-22,,,,,,,,,,
EXTRA,101,5A27001964,5B20001196,2018-08-22,5B23001315,2019-01-03,,,,,,,,,,
SPARE,101,5B13001136,6114000056,2018-03-19,5A27001336,2018-08-22,,,,,,,,,,
NEFPYT,102,6116001439,6116001328,2018-03-19,6111000324,2018-08-22,,,,,,,,,,
RVSGRG,102,6115000490,6118003431,2018-03-19,6116001063,2018-08-22,,,,,,,,,,
EXTRA,102,5B13002328,5B20001185,2018-06-26,6118002155,2018-08-22,6111000882,2019-01-03,,,,,,,,
EXTRA,102,6115001334,6118002160,2018-08-22,,,,,,,,,,,,
EXTRA,102,5A27001991,6116002401,2018-08-22,6118002974,2018-10-03,5B12003496,2018-10-10,,,,,,,,
EXTRA,102,6109001102,6118002669,2018-08-22,,,,,,,,,,,,
EXTRA,102,6111000653,5A28001119,2018-06-26,6118002269,2018-08-22,,,,,,,,,,
VYPCQW,102,6115000521,5A29001327,2018-03-06,6116002687,2018-03-19,6129001259,2018-05-02,5A28002591,2018-08-22,,,,,,
EXTRA,102,6126000428,6114000037,2018-08-22,6116001264,2019-02-19,,,,,,,,,,
NRFNSH,102,6116002146,6118002276,2018-03-19,5A28001406,2018-08-22,,,,,,,,,,
EXTRA,102,6111001407,5C03001852,2018-05-02,5B12002544,2018-08-22,,,,,,,,,,
UNAXZM,102,6116001865,6111000577,2018-03-19,6116001559,2018-08-22,,,,,,,,,,
PVTHAP,102,6115000418,6116001529,2018-03-19,5A27000554,2018-08-22,5A29001227,2018-12-11,,,,,,,,
TYMGFP,102,6116002676,5A27001556,2018-03-19,6116002786,2018-08-22,,,,,,,,,,
YHYPAG,102,5A27000683,,,,,,,,,,,,,,
HWPBPA,102,6114000132,5A27000457,2018-03-19,6118003322,2018-08-22,,,,,,,,,,
EXTRA,102,6116001044,6116001449,2018-08-22,,,,,,,,,,,,
EXTRA,102,5B13001365,5A29000496,2018-08-22,,,,,,,,,,,,
EXTRA,102,6118001867,6111001855,2018-06-26,5A29000465,2018-08-22,,,,,,,,,,
SPARE,102,5A27001327,6118001619,2018-03-19,5B12003496,2018-08-22,,,,,,,,,,
GBHAWH,103,6118003345,6116002341,2018-01-03,6116000964,2018-03-19,6118001645,2018-04-04,6130000141,2018-05-15,6111001851,2018-08-22,6111000169,2018-10-16,6116002541,2018-12-24
KTVTET,103,6116002769,6118002726,2018-03-19,5A28001044,2018-08-22,5A27001762,2018-11-13,,,,,,,,
EHSGNA,103,5B13001202,6116002136,2018-03-19,6127001828,2018-08-22,,,,,,,,,,
YVAEAA,103,5A28001169,6114000648,2018-02-05,6116002406,2018-03-19,6116001231,2018-08-22,,,,,,,,
CBPPHQ,103,6118002594,5A27000752,2018-03-19,6111001697,2018-08-22,,,,,,,,,,
ZNMRGC,103,6129002223,6115001773,2018-03-19,6118002228,2018-08-22,,,,,,,,,,
EXTRA,103,6116001294,6116002446,2018-04-10,6118003262,2018-07-03,6113000238,2018-08-22,,,,,,,,
EXTRA,103,6111001816,6109000901,2018-05-01,6111001676,2018-05-15,6116001480,2018-08-22,,,,,,,,
EXTRA,103,6113000598,6118001758,2018-08-22,,,,,,,,,,,,
EXTRA,103,6130000194,6129001333,2018-08-22,,,,,,,,,,,,
SPARE,103,6116002341,6118001645,2018-03-19,6111000169,2018-08-22,,,,,,,,,,
CBNBHR,104,6118002184,6111001894,2018-03-19,6116001333,2018-08-22,,,,,,,,,,
YZSEEK,104,6116001871,6118002992,2018-03-19,5A27001254,2018-05-16,6118003200,2018-06-28,6116001871,,6116001112,2018-07-24,6116001893,2018-08-22,,
NESSBG,104,5A28001937,6116000979,2018-03-19,5A27001254,2018-06-28,6129002178,2018-08-22,,,,,,,,
MVHMHG,104,6115001580,6116002071,2018-03-19,5B13001232,2018-08-22,,,,,,,,,,
FRMEWK,104,5B13000755,5B20000638,2018-03-19,6111000240,2018-04-25,6109001444,2018-07-24,5A28001892,2018-08-22,,,,,,
MXNVKZ,104,6118002386,6111001837,2018-03-19,5A28000332,2018-08-22,,,,,,,,,,
SPARE,104,6116001845,5A28000685,2018-03-19,6116001602,2018-07-24,5A22000240,2018-08-22,,,,,,,,
APTFPR,105,5B13001112,6116001026,2018-03-19,6116001441,2018-08-22,,,,,,,,,,
RRPZRA,105,6129002249,5A21000288,2018-03-19,5A27001945,2018-08-22,6111001562,2018-09-13,,,,,,,,
KQWHYK,105,6116001657,6111001762,2018-03-19,,,,,,,,,,,,
HRPPTU,105,6118002127,6118002562,2018-03-19,,,,,,,,,,,,
YCHYTE,105,5A29001377,5B20001566,2018-03-19,5A27001926,2018-05-15,6115000395,2018-08-22,6116001466,2018-10-03,,,,,,
ZYKZNP,105,6116001662,5A29000380,2018-03-19,6128000670,2018-08-22,,,,,,,,,,
EXTRA,105,6118002205,6118002205,2018-03-19,,,,,,,,,,,,
EXTRA,105,6118002126,6118002126,2018-03-19,,,,,,,,,,,,
EXTRA,105,6118003019,6111001893,2018-08-22,,,,,,,,,,,,
EXTRA,105,6109001478,6109001520,,5A27001859,2018-07-24,5B20002401,2018-08-22,6118001668,2019-01-09,,,,,,
SPARE,105,5B13001421,5A27001926,2018-03-19,6111001562,2018-08-22,,,,,,,,,,
FSQZMP,106,6112001108,,,,,,,,,,,,,,
RKZCQX,106,6116002189,6118003535,2018-03-19,5A27000754,2018-08-22,,,,,,,,,,
PTCSUM,106,6129002051,5A22000971,2018-03-19,6116001857,2018-08-22,,,,,,,,,,
QPTTPK,106,5A28001122,6116001826,2018-03-19,6115001484,2018-08-22,,,,,,,,,,
VYVUKR,106,6111002106,5A23001927,2018-03-19,6114000105,2018-08-22,,,,,,,,,,
UGRCVA,106,5B13001226,6116000915,2018-03-19,5A27001806,2018-08-22,,,,,,,,,,
HCVXUA,106,6129002299,6116001680,,5A22000971,2018-03-19,6116001065,2018-08-22,,,,,,,,
VGZPFU,106,6130000879,6116001521,,6115000488,2018-03-19,5B20002018,2018-08-22,,,,,,,,
FMWRMG,106,5A28000934,6115002323,2018-03-19,6129002323,2018-08-22,,,,,,,,,,
YSYGKS,106,5A28002348,,,5A29001347,2018-03-19,6118003074,2018-08-22,,,,,,,,
ZSUGWY,106,6114000050,6116001183,2018-03-19,6118003284,2018-08-22,,,,,,,,,,
EXTRA,106,6111000591,5B20001335,2018-08-22,,,,,,,,,,,,
EXTRA,106,6116000904,5A23001427,2018-08-22,,,,,,,,,,,,
EXTRA,106,6118002158,6116002625,2018-04-04,5B05001950,2018-08-22,,,,,,,,,,
SPARE,106,6116001521,,,6111001648,2018-03-19,6114000180,2018-04-09,5B20001801,2018-05-21,6118003309,2018-08-22,,,,
PQUXXT,107,6118002302,5A28000405,2018-03-19,,,,,,,,,,,,
QFGCFS,107,6111002057,6116001743,2018-02-06,6118002688,2018-03-19,6116001191,2018-08-22,,,,,,,,
AHRXBP,107,5A28002201,6116001714,2018-02-19,6116001144,2018-03-19,6111001099,2018-04-30,5A27000816,2018-07-02,6115000554,2018-08-22,,,,
HQQAHT,107,5B13001240,6129001902,2018-01-19,6116001916,2018-03-19,5A27001950,2018-04-30,5A27001189,2018-04-30,5B20001801,2018-06-11,6116001452,2018-08-22,6109000675,2018-12-05
XFBGSE,107,6116001055,6115000493,2018-02-12,5A29001247,2018-03-19,6111000158,2018-08-22,,,,,,,,
ENKYBG,107,6114000971,6115001563,2017-12-18,6116002129,2018-03-19,5A29000560,2018-08-22,,,,,,,,
HNXBVX,107,6116001615,6111002031,2018-01-22,5A29001239,2018-03-19,6118003275,2018-08-22,,,,,,,,
TWXPYR,107,6116002246,5A27000950,,5B20000661,2018-08-22,,,,,,,,,,
ETNCQP,107,6130000081,5A27000649,2018-03-19,,,,,,,,,,,,
CEUSUB,107,6116000936,6116001346,,5A28000830,2018-08-22,,,,,,,,,,
PEFBVE,107,6116001925,6118002421,2018-01-30,,,,,,,,,,,,
ZHACUX,107,6111000752,6116002169,2018-03-19,5A28000347,2018-08-22,6116002694,2018-10-08,,,,,,,,
YPRPYU,107,6116001101,6118002279,2018-02-05,6116002588,2018-03-19,5A28000298,2018-05-10,,,,,,,,
VGEBQH,107,5B13002182,6118002704,2017-12-28,5B07003161,2018-03-19,6116001941,2018-04-16,6114000180,2018-04-23,6111001974,2018-05-10,6116002812,2018-08-22,,2018-12-05
SPARE,107,6115001563,6118002421,2018-01-22,6115000493,2018-02-05,5A27001950,2018-03-19,5A27000816,2018-06-11,6116002694,2018-08-22,,,,
RMNRES,108,6118003045,6118002693,2018-03-19,6116000838,2018-08-22,,,,,,,,,,
CCUYUC,108,6118003331,6118002197,2018-03-19,6129002194,2018-08-22,,,,,,,,,,
KGUCYF,108,6111002127,6111000711,2018-03-19,6111002183,2018-08-22,,,,,,,,,,
KRRGWP,108,6111001093,6116002231,2018-03-19,5A27001925,2018-08-22,,,,,,,,,,
FAZQKB,108,6118002942,6116002174,2018-03-19,6116001366,2018-08-22,,,,,,,,,,
SPARE,108,6118002249,6116000843,2018-03-19,5A29000341,2018-08-22,,,,,,,,,,
QQBBHB,109,6118003256,6116002043,2018-03-19,5A27000559,2018-06-05,6116001177,2018-08-22,,,,,,,,
ZVVRBF,109,6115001455,6116002432,2018-03-19,5A28002660,2018-08-22,,,,,,,,,,
NWVYHQ,109,5A27001710,5A27001678,2018-03-19,6116001068,2018-04-03,6115000537,,6111001832,2018-07-18,6128000687,2018-08-22,6116002507,2018-11-27,,
VFMVFY,109,6118002920,6118003333,2018-03-19,6118002457,2018-06-11,5B13001085,2018-08-22,,,,,,,,
WSTZSY,109,6112001211,5B20001230,2018-03-19,6129001117,2018-04-18,5A28002639,2018-06-11,,,,,,,,
UCWQQQ,109,6118002953,6116002283,2018-03-19,6116002414,2018-05-23,5B20002259,2018-08-22,,,,,,,,
VHXBSF,109,6111001959,6118001745,2018-03-19,5A28001929,2018-08-22,,,,,,,,,,
RHFVBC,109,6114000290,6115001668,2018-03-19,6109000521,,6118003010,2018-05-28,6118003254,2018-08-22,,,,,,
BTUSBM,109,6130000190,6115001388,2018-03-19,6111001665,,6111000325,2018-04-30,,,,,,,,
CGXEFY,109,6130000195,6116002622,2018-03-19,6116001731,2018-06-11,6116001787,2018-08-22,,,,,,,,
QBNKAN,109,5B13001135,6118002635,2018-01-16,6115000392,2018-03-19,6116002622,,5A23001515,2018-05-16,,,,,,
ZBECRG,109,6129002195,5A28000182,2018-03-19,5A27001483,2018-07-03,5A27001849,2018-08-22,,,,,,,,
AVBNWA,109,6118003342,6116002092,2018-03-19,5B13001498,2018-05-16,6118003210,2018-08-22,,,,,,,,
GXRTQZ,109,6118002320,6116002347,2018-02-27,6118002985,2018-03-19,5B20001170,2018-07-03,5A28001144,2018-08-22,,,,,,
YGXRXC,109,6116001354,6114000203,2018-03-19,5A28001013,2018-05-23,6116001810,2018-08-22,,,,,,,,
BNASNH,109,6109002242,5A28000329,2018-03-19,6111001180,2018-06-11,6118002266,2018-08-22,,,,,,,,
PEGACF,109,6111001994,6129000520,2018-02-21,6111001665,2018-03-19,5A27001678,,6116001057,2018-04-30,6113000554,2018-08-22,,,,
SPARE,109,6118002635,6116001068,2018-03-19,5B12002784,2018-08-22,,,,,,,,,,
VZXFNS,110,6118003287,5B20002435,2018-03-19,6115001388,2018-05-16,6116000757,2018-08-22,6116002092,2019-01-16,,,,,,
GUPAKM,110,6113001276,6111001069,2018-03-19,5A27001786,2018-08-22,,,,,,,,,,
FHAYBK,110,6116002837,6109001500,2018-03-19,6116001881,2018-07-04,6116001326,2018-08-22,6116001427,2018-10-31,6115000514,2018-12-19,,,,
WBXHTA,110,6113001068,5B13002412,2017-12-27,6115001499,2018-03-19,6118001780,2018-08-22,,,,,,,,
NBYBUX,110,6115002357,6115001277,2018-03-19,6116001319,2018-08-22,5A28000885,2018-11-07,,,,,,,,
TBBPUQ,110,5A28001941,6116000776,2018-01-10,5A27001834,2018-02-28,6116002428,2018-03-19,6115001138,2018-08-22,,,,,,
ERMZFE,110,6116000881,6115001299,2017-12-27,5A29000558,2018-03-19,6118002899,2018-05-02,6118002625,2018-05-16,6116002589,2018-07-25,6118002959,2018-08-22,,
FHYQHV,110,6118002322,5A29001291,2018-03-19,6111001572,2018-08-22,,,,,,,,,,
HBNRBN,110,6118002034,6116001099,2018-03-19,5A28000249,2018-05-02,6118001866,2018-08-22,5B12002671,2018-09-18,,,,,,
YCZRQZ,110,6115001639,5A27001219,2018-03-19,5A27002004,2018-05-02,6118002162,2018-05-16,6116002865,2018-08-22,,,,,,
TKKSNM,110,6118002925,6118002498,2018-03-19,6116002729,2018-04-05,5A29001414,2018-05-16,6111000297,2018-08-22,6116001792,2018-12-05,,,,
ECCCSY,110,6109000645,6116001833,2018-03-19,6118002261,2018-06-13,6112001157,2018-08-22,,,,,,,,
GGNRGG,110,6111000144,,,,,,,,,,,,,,
RNSXFN,110,6116002079,6115001623,2018-03-19,6116002687,2018-08-22,5A27000660,2019-01-02,,,,,,,,
XPBMHZ,110,6130000011,6116001483,2018-03-19,6118002578,2018-08-22,,,,,,,,,,
MRATWM,110,6118003018,6116000806,2018-03-19,6118001738,2018-08-22,,,,,,,,,,
RCGUSX,110,6115001331,5A29000598,2018-03-19,6118002275,2018-05-02,6115000795,2018-05-16,6111000198,2018-07-17,6115001628,2018-08-22,,,,
BEXEME,110,6118002150,6116001803,2018-03-07,6118002564,2018-03-19,5A28002583,2018-06-13,6118002600,2018-08-15,5A28001014,2018-08-22,,,,
FHVRNN,110,6116001421,6113000571,2018-03-19,6116002092,2018-06-27,5A27001419,2018-08-22,,,,,,,,
BBYGUR,110,5B13002193,6115002185,2018-03-19,5A23002686,2018-08-22,,,,,,,,,,
SPARE,110,5B13002412,6116002729,2018-03-19,5B12002671,2018-08-22,,,,,,,,,,
AKQCZU,111,6118003324,6112001064,2018-03-19,6113001540,2018-05-29,6111000876,2018-08-22,,,,,,,,
ZGZGMV,111,6116002604,6111000684,2018-03-19,6116001781,2018-08-22,,,,,,,,,,
HFQBET,111,5A27000965,6130000472,2018-03-19,5A27000917,2018-08-22,5A27000917,2018-11-07,,,,,,,,
VVWCCS,111,6116000859,6116001093,2018-03-19,6111001495,2018-08-22,,,,,,,,,,
XVFHAP,111,6116002222,5A23001238,2018-03-19,6112000049,2018-08-22,,,,,,,,,,
YBBCYB,111,6116000867,5A27001943,2018-03-19,6118003164,2018-08-08,6109001478,2018-08-22,,,,,,,,
MFBFPH,111,6116002315,5A27000687,2018-03-19,5B20001158,2018-08-22,,,,,,,,,,
CMCFVK,111,6130000179,6116001410,2018-03-19,6116001320,2018-08-22,,,,,,,,,,
EAUSUW,111,6129002346,6111002173,2018-03-19,6129002283,2018-08-22,,,,,,,,,,
YZHPGR,111,6116002282,6116002245,2018-03-19,5A27000943,2018-08-08,6129001930,2018-08-22,,2019-02-07,,,,,,
RTFQMR,111,6111001939,6111000982,2018-03-19,6115001574,2018-08-22,,,,,,,,,,
MATCES,111,6118003607,6116001716,2018-02-19,5A28002445,2018-03-19,6115001397,2018-08-22,,,,,,,,
KBXAVS,111,6118001942,6118002717,2018-03-19,6116001398,2018-08-22,6116002100,2018-10-11,,,,,,,,
ETEBBK,111,6130000167,5A28001131,2018-03-19,6113001089,2018-08-22,,,,,,,,,,
EXTRA,111,6116002479,6118002615,2018-08-22,6111001859,2018-10-03,,,,,,,,,,
EXTRA,111,6111000971,5B20002346,2018-08-22,6116002071,2019-01-24,,,,,,,,,,
EXTRA,111,5A27002039,6118002963,2018-08-22,,,,,,,,,,,,
EXTRA,111,6116001914,6118002721,2018-08-22,5A22000767,2019-01-31,,,,,,,,,,
SPARE,111,6116000752,6116001716,,6113001540,2018-02-22,5A28001941,2018-03-19,5A22000767,2018-08-22,5B20001963,2019-01-24,,,,
PTAZCQ,112,6116001604,6116001986,2018-03-19,6130000061,2018-08-22,,,,,,,,,,
PXFACM,112,6116001467,5A27001662,2018-03-19,6118002494,2018-06-13,5B20002263,2018-08-22,6116002176,2019-02-20,,,,,,
BRXYTC,112,6118002224,5A29000454,2018-03-19,5B13001010,2018-08-22,,,,,,,,,,
PMNZYS,112,6116002100,5A27002193,2018-08-22,,,,,,,,,,,,
PMNZYS,112,6116002006,6116002100,2018-03-19,6118002016,2018-05-24,6116001963,2018-08-22,,,,,,,,
BFSCTG,112,6129002119,6115001570,2018-03-19,5A27000557,2018-08-22,,,,,,,,,,
MFRXKM,112,6129000504,6129000626,2018-02-08,6116001577,2018-03-19,6116001302,2018-08-22,6112001280,2018-11-21,,,,,,
EXTRA,112,6116001481,6106000655,2018-04-11,6115001546,2018-08-22,6111000708,2018-09-12,,,,,,,,
EXTRA,112,6126000209,6116002326,2018-08-22,6116002288,2018-10-05,6118002695,2018-10-29,,,,,,,,
EXTRA,112,6116001851,5A28000115,2018-08-22,,,,,,,,,,,,
SPARE,112,6129000626,6109000655,2018-03-19,6111000708,2018-08-22,6116002288,2018-09-15,6116002175,2018-10-18,,,,,,
WAGKHM,113,5A27001431,5B20001273,2018-03-19,,,,,,,,,,,,
HMAGEQ,113,6118002658,6116001722,2018-03-19,5A23002586,2018-05-30,6111001722,2018-08-22,,,,,,,,
MCEFEG,113,6116001081,6116001554,2018-03-19,6112000018,2018-08-22,,,,,,,,,,
MXUSVM,113,6116000809,6116002221,2018-03-19,6115001466,2018-08-22,,,,,,,,,,
TTZBXN,113,6111002103,6115001405,2018-03-19,6116002209,2018-08-22,,,,,,,,,,
ZBMBWA,113,6116001030,6118002175,2018-01-24,6118003210,2018-03-19,6112001309,2018-05-30,6118003235,2018-08-22,,,,,,
GMBEQS,113,6116001191,5A23002107,2018-03-19,5A27000442,2018-06-27,6116001050,2018-08-22,,,,,,,,
NBEMBB,113,6116001067,6112001491,2018-03-19,5A28001874,2018-05-30,5A28000350,2018-08-22,,,,,,,,
WZKFAP,113,6129001946,6116001172,2018-01-31,6113001095,2018-03-19,6111000152,2018-04-18,6116001038,2018-08-22,6111001783,2018-09-11,,,,
BSQRUP,113,6116001158,5C03000113,2018-03-19,5A27000134,2018-08-22,,,,,,,,,,
NNSFWA,113,6116001620,6118002653,2018-03-19,6118003158,2018-04-18,6118003268,2018-05-30,6111002168,2018-08-22,,,,,,
PSAZGH,113,6118002408,6111001641,2018-03-19,5B13000689,2018-08-22,,,,,,,,,,
AQWUZK,113,6116002197,6111001775,2018-03-19,6116001503,2018-08-22,,,,,,,,,,
ZQHNQZ,113,6116002457,6113001685,2018-03-19,6118002474,2018-08-22,,,,,,,,,,
GPVSPA,113,6111002041,6129002085,2018-01-24,5A28002618,2018-03-19,5A27001630,2018-08-22,,,,,,,,
NEFSHF,113,6118002849,6116000755,2018-03-19,5A27001928,2018-03-28,5A22000832,2018-08-22,,,,,,,,
PEVMFG,113,6116001746,6116002184,2018-03-19,5A29000350,2018-08-22,,,,,,,,,,
ZZBEYN,113,6115000420,5A29000441,2018-03-19,6111001862,2018-08-22,6118002724,2018-12-12,,,,,,,,
VURMZS,113,6115001628,6116001127,2018-03-19,,,,,,,,,,,,
RMMUAC,113,5A29000709,6116001091,2018-03-19,5A22000802,2018-08-22,,,,,,,,,,
YZGGYM,113,6116001418,6116000833,2018-03-19,6118002248,2018-08-22,,,,,,,,,,
SPARE,113,6118002175,5A27001928,2018-03-19,6116002599,2018-08-22,,,,,,,,,,