tablet_serial,video_id,start_time,end_time
5A22000624,3888,1535558001,1535558057
5A22000736,3782,1535122357,1535122475
5A22000736,3782,1535139229,1535139347
5A22000802,3782,1535017061,1535017179
5A22000802,3782,1535021025,1535021143
5A22000802,3782,1535022853,1535022971
5A22000802,3782,1535023137,1535023255
5A22000802,3792,1535191178,1535191196
5A22000802,3797,1535192024,1535192078
5A22000802,3802,1535192848,1535192960
5A22000802,3806,1535193550,1535193749
5A22000802,3792,1535193792,1535193811
5A22000802,3797,1535193817,1535193871
5A22000802,3802,1535193882,1535193994
5A22000802,3802,1535194004,1535194117
5A22000802,3792,1535194122,1535194141
5A22000802,3806,1535194147,1535194346
5A22000802,3797,1535194351,1535194406
5A22000802,3802,1535194677,1535194790
5A22000802,3797,1535194796,1535194850
5A22000802,3797,1535194856,1535194910
5A22000802,3802,1535194918,0
5A22000802,3792,1535195626,1535195644
5A22000802,3797,1535195653,1535195708
5A22000802,3806,1535195763,1535195962
5A22000802,3797,1535195971,1535196026
5A22000802,3802,1535196036,1535196151
5A22000802,3797,1535200404,1535200459
5A22000802,3806,1535200468,1535200667
5A22000802,3802,1535200672,1535200785
5A22000802,3792,1535200790,1535200809
5A22000802,3797,1535207397,1535207452
5A22000802,3802,1535207457,1535207570
5A22000802,3806,1535207579,1535207778
5A22000802,3797,1535209418,1535209472
5A22000802,3806,1535210481,1535210679
5A22000802,3802,1535210686,1535210798
5A22000802,3806,1535211190,1535211389
5A22000802,3797,1535211394,1535211449
5A22000802,3797,1535211500,1535211555
5A22000802,3797,1535211560,1535211615
5A22000802,3797,1535218908,1535218963
5A22000802,3806,1535218967,1535219166
5A22000802,3802,1535219171,1535219284
5A22000802,3792,1535219289,1535219307
5A22000802,3792,1535219312,1535219330
5A22000802,3806,1535226245,1535226444
5A22000802,3802,1535226449,1535226561
5A22000802,3797,1535226567,1535226621
5A22000802,3792,1535226627,1535226645
5A22000802,3821,1535269125,1535269143
5A22000802,3821,1535270358,1535270376
5A22000802,3821,1535270640,1535270658
5A22000802,3821,1535270668,1535270686
5A22000802,3821,1535270702,1535270720
5A22000802,3821,1535270729,0
5A22000802,3821,1535271550,1535271569
5A22000802,3821,1535271574,1535271593
5A22000802,3821,1535271599,1535271617
5A22000802,3821,1535271677,1535271695
5A22000802,3821,1535271702,1535271720
5A22000802,3821,1535271727,1535271746
5A22000802,3821,1535271755,1535271774
5A22000802,3821,1535271779,1535271798
5A22000802,3821,1535271802,1535271821
5A22000802,3821,1535271827,1535271846
5A22000802,3821,1535271851,1535271869
5A22000802,3821,1535271875,1535271893
5A22000802,3821,1535271898,1535271916
5A22000802,3821,1535271927,1535271945
5A22000802,3821,1535271951,1535271969
5A22000802,3821,1535272250,1535272268
5A22000802,3821,1535272280,1535272299
5A22000802,3821,1535272578,1535272597
5A22000802,3824,1535372661,1535372823
5A22000802,3824,1535397516,1535397679
5A22000802,3824,1535399011,1535399173
5A22000832,3782,1535020553,1535020671
5A22000832,3782,1535021551,0
5A22000832,3782,1535023104,1535023222
5A22000832,3782,1535050676,1535050794
5A22000832,3792,1535176637,1535176655
5A22000832,3797,1535177538,1535177593
5A22000832,3802,1535178410,1535178522
5A22000832,3806,1535180914,1535181113
5A22000832,3792,1535181163,1535181181
5A22000832,3797,1535181190,1535181245
5A22000832,3806,1535181460,1535181659
5A22000832,3792,1535183398,1535183417
5A22000832,3792,1535193075,1535193094
5A22000832,3797,1535193104,1535193159
5A22000832,3802,1535193343,1535193455
5A22000832,3806,1535194078,1535194277
5A22000832,3792,1535194294,1535194312
5A22000832,3792,1535195265,1535195283
5A22001064,3888,1535275474,0
5A23002686,3782,1535379505,1535379623
5A27000134,3782,1535183396,1535183514
5A27000134,3792,1535185241,1535185259
5A27000134,3782,1535186056,1535186175
5A27000134,3792,1535186357,1535186375
5A27000134,3792,1535186380,1535186398
5A27000134,3792,1535186403,1535186422
5A27000134,3792,1535186427,1535186445
5A27000134,3792,1535186450,1535186468
5A27000134,3782,1535186720,1535186838
5A27000134,3782,1535186844,1535186966
5A27000134,3792,1535193076,1535193094
5A27000134,3792,1535193099,1535193118
5A27000134,3792,1535194471,1535194490
5A27000134,3792,1535194521,1535194539
5A27000134,3797,1535283529,1535283584
5A27000134,3802,1535284292,1535284404
5A27000134,3806,1535284877,1535285076
5A27000134,3821,1535373934,1535373952
5A27000134,3824,1535374150,1535374313
5A27000134,3824,1535388758,1535388920
5A27000554,3782,1535094151,1535094269
5A27000554,3782,1535102661,1535102779
5A27000554,3782,1535105442,1535105561
5A27000554,3782,1535109641,1535109759
5A27000554,3782,1535110374,1535110492
5A27000554,3782,1535110498,1535110616
5A27000554,3782,1535111765,1535111883
5A27000554,3782,1535116569,0
5A27000814,3782,1534927838,1534927957
5A27000814,3792,1535053671,1535053690
5A27000814,3797,1535054427,1535054482
5A27000814,3792,1535057216,1535057235
5A27000814,3792,1535057240,1535057258
5A27000814,3802,1535114358,1535114470
5A27000814,3806,1535115006,1535115205
5A27000814,3806,1535118061,1535118260
5A27000814,3806,1535138249,1535138448
5A27000814,3802,1535138813,1535138925
5A27000814,3806,1535143925,1535144124
5A27000814,3802,1535144130,1535144242
5A27000959,3888,1535395216,1535395271
5A27000959,3894,1535396250,1535396311
5A27000959,3894,1535397874,1535397935
5A27000959,3888,1535397940,1535397995
5A27000959,3888,1535398002,1535398057
5A27000959,3894,1535402958,1535403018
5A27000959,3900,1535451707,1535451725
5A27000959,3900,1535453423,1535453442
5A27000959,3900,1535456883,1535456901
5A27000959,3900,1535459315,1535459334
5A27000959,3900,1535466053,1535466071
5A27000959,3900,1535466076,1535466094
5A27000959,3900,1535483910,1535483929
5A27000959,3900,1535484068,1535484086
5A27000959,3900,1535484093,1535484111
5A27000959,3900,1535489003,1535489021
5A27000959,3900,1535490009,1535490028
5A27000959,3900,1535491513,1535491531
5A27001344,3782,1535096750,1535096868
5A27001344,3792,1535099397,1535099415
5A27001344,3792,1535100436,1535100455
5A27001344,3792,1535100468,1535100486
5A27001344,3792,1535110432,1535110451
5A27001344,3792,1535118742,1535118760
5A27001344,3792,1535119001,1535119019
5A27001344,3792,1535145661,1535145679
5A27001530,3888,1535140549,1535140605
5A27001530,3894,1535186137,1535186198
5A27001530,3894,1535186743,1535186804
5A27001530,3894,1535188971,1535189031
5A27001530,3894,1535189040,1535189101
5A27001530,3894,1535195097,1535195158
5A27001530,3894,1535207150,1535207210
5A27001530,3894,1535228036,1535228081
5A27001619,3782,1535211765,1535211883
5A27001619,3792,1535213939,1535213957
5A27001619,3792,1535219476,1535219494
5A27001619,3792,1535232868,1535232886
5A27001619,3792,1535232894,1535232912
5A27001619,3797,1535271526,1535271581
5A27001619,3802,1535272320,1535272432
5A27001619,3806,1535272989,1535273188
5A27001619,3802,1535274542,1535274654
5A27001619,3802,1535274659,1535274772
5A27001619,3806,1535274777,1535274976
5A27001619,3802,1535274993,1535275106
5A27001619,3797,1535275112,1535275166
5A27001619,3806,1535275736,1535275935
5A27001619,3806,1535275940,1535276138
5A27001619,3802,1535276145,1535276257
5A27001619,3797,1535276271,1535276325
5A27001630,3782,1535185759,1535185877
5A27001630,3792,1535188015,1535188033
5A27001630,3782,1535188978,1535189096
5A27001630,3792,1535189101,1535189119
5A27001630,3792,1535213390,1535213408
5A27001630,3782,1535214268,0
5A27001630,3797,1535268825,1535268879
5A27001630,3802,1535269905,1535270018
5A27001630,3806,1535270610,1535270809
5A27001630,3806,1535272278,0
5A27001630,3797,1535289223,1535289278
5A27001630,3821,1535374729,1535374748
5A27001630,3824,1535374991,1535375154
5A27001630,3824,1535396161,1535396323
5A27001639,3888,1535097371,1535097426
5A27001639,3888,1535118853,1535118909
5A27001639,3894,1535182631,1535182692
5A27001639,3900,1535183515,1535183533
5A27001639,3894,1535184017,1535184077
5A27001639,3894,1535184225,0
5A27001639,3900,1535195596,1535195614
5A27001639,3900,1535195622,1535195640
5A27001639,3900,1535195650,1535195668
5A27001639,3894,1535195793,1535195853
5A27001639,3900,1535196015,1535196034
5A27001639,3894,1535196040,1535196101
5A27001639,3900,1535196236,1535196254
5A27001639,3900,1535205258,1535205277
5A27001639,3894,1535206663,1535206730
5A27001639,3900,1535208265,1535208283
5A27001639,3900,1535231128,1535231146
5A27001639,3894,1535232426,1535232487
5A27001639,3894,1535232624,1535232685
5A27001639,3900,1535232690,1535232708
5A27001639,3927,1535440200,1535440218
5A27001639,3927,1535444658,1535444677
5A27001639,3927,1535478429,1535478447
5A27001639,3927,1535479707,1535479726
5A27001639,3945,1535533522,1535533631
5A27001643,3782,1535188152,1535188270
5A27001786,3782,1535382454,0
5A27001786,3782,1535383438,1535383557
5A27001886,3782,1535102070,1535102188
5A27002152,1,952037374,952037492
5A27002152,1,952094737,952094855
5A27002152,1,952114441,952114559
5A27002152,1,952120998,952121116
5A27002152,1,952125099,952125217
5A27002152,1,952126972,952127090
5A27002152,16,952128053,952128171
5A27002152,16,952130643,952130761
5A28000350,3782,1535050916,1535051034
5A28000350,3792,1535094511,1535094529
5A28000350,3797,1535112470,1535112525
5A28000350,3797,1535117745,1535117799
5A28000350,3792,1535117805,1535117824
5A28000350,3797,1535118405,1535118459
5A28000350,3802,1535178800,1535178913
5A28000350,3806,1535179764,1535179963
5A28000350,3802,1535182987,1535183100
5A28000350,3806,1535183105,1535183304
5A28000350,3806,1535183645,1535183844
5A28000350,3802,1535184695,1535184807
5A28000350,3806,1535186956,1535187155
5A28000350,3806,1535187163,1535187212
5A28000350,3806,1535191395,1535191583
5A28000350,3821,1535275059,1535275077
5A28000350,3824,1535275265,1535275428
5A28000350,3824,1535276690,1535276852
5A28000350,3824,1535276861,1535277024
5A28000350,3821,1535293493,1535293511
5A28000350,3824,1535293720,0
5A28000350,3824,1535302155,1535302318
5A28000350,3821,1535302330,1535302348
5A28000350,3824,1535317177,1535317340
5A28000350,3821,1535317345,1535317363
5A28000381,3782,1535104060,1535104178
5A28000381,3792,1535109283,1535109301
5A28000381,3792,1535110248,1535110266
5A28000381,3792,1535110271,1535110289
5A28000381,3792,1535113319,1535113337
5A28000381,3792,1535130290,1535130309
5A28000381,3792,1535133105,1535133123
5A28000381,3792,1535133128,1535133147
5A28000942,3782,1534930955,1534931073
5A28000942,3782,1534961371,1534961489
5A28000942,3792,1535024888,1535024906
5A28000993,3782,1535271327,1535271445
5A28001168,3888,1535096046,1535096101
5A28001168,3894,1535097647,1535097708
5A28001168,3894,1535098229,1535098290
5A28001168,3888,1535099325,1535099380
5A28001168,3894,1535116492,1535116553
5A28001168,3888,1535116564,0
5A28001168,3888,1535121622,1535121677
5A28001168,3894,1535122274,1535122334
5A28001168,3894,1535125258,1535125319
5A28001168,3888,1535126150,1535126205
5A28001168,3894,1535133341,1535133402
5A28001168,3888,1535136355,1535136410
5A28001168,3894,1535136424,1535136484
5A28001168,3894,1535139447,1535139507
5A28001168,3894,1535139521,1535139582
5A28001168,3900,1535188897,1535188916
5A28001168,3900,1535216521,1535216539
5A28001168,3900,1535216545,1535216563
5A28001168,3900,1535216568,1535216587
5A28001168,3900,1535216592,1535216610
5A28001168,3900,1535227546,1535227564
5A28001168,3900,1535228451,1535228470
5A28001276,3782,1535220271,1535220389
5A28001276,3792,1535222019,1535222037
5A28001276,3782,1535231483,1535231601
5A28001276,3792,1535231847,1535231866
5A28001276,3792,1535231871,1535231889
5A28001276,3797,1535266766,1535266820
5A28001276,3802,1535267518,1535267630
5A28001276,3802,1535267856,1535267968
5A28001276,3802,1535268152,1535268264
5A28001276,3802,1535268270,1535268383
5A28001276,3802,1535268566,1535268678
5A28001276,3797,1535268685,1535268740
5A28001276,3802,1535268943,1535269055
5A28001276,3802,1535269291,0
5A28001406,3782,1535184497,1535184615
5A28001406,3792,1535186700,1535186719
5A28001406,3792,1535198217,1535198235
5A28001406,3792,1535200152,1535200171
5A28001406,3792,1535211326,1535211344
5A28001406,3792,1535211529,1535211547
5A28001979,3888,1535099928,1535099983
5A28001979,3894,1535100578,1535100639
5A28001979,3900,1535101544,1535101562
5A28001979,3900,1535101994,1535102012
5A28001979,3894,1535102380,1535102440
5A28001979,3888,1535102449,1535102504
5A28001979,3894,1535117843,1535117903
5A28001979,3900,1535118196,1535118214
5A28001979,3894,1535138078,1535138138
5A28001979,3894,1535140626,0
5A28001979,3888,1535142293,1535142349
5A28001979,3894,1535142355,1535142416
5A28001979,3900,1535142421,1535142439
5A28001979,3927,1535277528,1535277546
5A28001979,3927,1535293095,1535293114
5A28002331,1,1488132955,1488133073
5A28002331,1,1488137484,1488137602
5A28002331,1,1488137609,1488137727
5A28002331,1,1488137735,1488137853
5A28002331,1,1488140068,1488140186
5A28002331,16,1488153647,1488153765
5A28002331,16,1488157507,1488157625
5A28002331,16,1488165190,1488165308
5A28002562,3782,1535026306,1535026424
5A28002562,3782,1535052569,1535052687
5A28002562,3792,1535103350,1535103368
5A28002562,3797,1535104208,1535104262
5A28002562,3792,1535133291,1535133310
5A28002562,3792,1535133315,1535133333
5A28002562,3792,1535133338,1535133368
5A28002562,3797,1535134578,1535134633
5A28002562,3792,1535134638,1535134657
5A28002562,3797,1535139913,1535139968
5A28002562,3792,1535139973,1535139992
5A28002562,3792,1535140004,1535140022
5A28002562,3802,1535187812,1535187924
5A28002562,3806,1535188420,1535188619
5A28002562,3802,1535190757,1535190870
5A28002562,3806,1535190875,0
5A28002562,3802,1535222900,1535223012
5A28002562,3806,1535223018,1535223216
5A28002562,3806,1535224102,1535224301
5A28002562,3802,1535224308,1535224420
5A29000454,3571,1533897402,1533897440
5A29000454,3571,1533899737,1533899776
5A29000454,3571,1533901189,1533901227
5A29000454,3601,1534077305,1534077359
5A29000454,3631,1534248303,1534248341
5A29000454,3631,1534250278,1534250316
5A29000454,3653,1534323180,1534323234
5A29000454,3653,1534324397,1534324451
5A29000454,3653,1534342845,1534342899
5A29000454,1471,1535107719,1535107836
5A29000454,1471,1535139566,0
5A29000454,1486,1535180995,1535181049
5A29000465,3782,1535180668,1535180709
5A29000465,3782,1535304160,0
5A29000465,3782,1535304835,1535304953
5A29000465,3792,1535306676,1535306694
5A29000465,3792,1535309521,1535309539
5A29000465,3792,1535309552,1535309570
5A29000465,3782,1535309880,1535309998
5A29000465,3797,1535355521,1535355576
5A29000465,3802,1535356422,1535356535
5A29000465,3806,1535357088,1535357287
5A29000465,3802,1535359192,1535359304
5A29000465,3806,1535359321,1535359520
5A29000465,3797,1535359525,1535359579
5A29000465,3806,1535360344,1535360543
5A29000465,3797,1535362380,1535362435
5A29000465,3806,1535367459,1535367658
5A29000465,3802,1535367933,1535368046
5A29000465,3797,1535368075,1535368130
5A29000465,3797,1535368136,1535368191
5A29000465,3797,1535369069,1535369152
5A29000465,3797,1535369621,1535369688
5A29000465,3806,1535370618,1535370817
5A29000465,3802,1535370824,1535370936
5A29000560,3888,1535039155,1535039211
5A29000560,3894,1535126655,1535126715
5A29000560,3894,1535127692,1535127753
5A29000560,3894,1535132308,1535132368
5A29000560,3994,1535186039,1535186055
5A29000560,3994,1535189005,1535189021
5A29000560,3994,1535189059,1535189075
5A29000560,3994,1535189085,1535189101
5A29000560,3994,1535193550,1535193566
5A29000560,3994,1535195091,1535195107
5A29000560,3994,1535196485,1535196501
5A29000560,3994,1535206548,1535206564
5B05001882,3782,1535034557,1535034675
5B05001882,3888,1535121960,1535122405
5B05001882,3894,1535123408,1535123469
5B05001882,3900,1535124547,1535124565
5B05001882,3894,1535125280,1535125341
5B05001882,3927,1535309887,1535309906
5B05001882,3945,1535368561,1535368831
5B05001882,3945,1535369485,1535369755
5B12002653,3888,1535021800,1535021856
5B12002653,3894,1535107163,1535107224
5B12002653,3894,1535107726,1535107787
5B12002653,3894,1535113961,1535114021
5B12002653,3894,1535127058,1535127119
5B12002653,3894,1535139248,1535139308
5B12002784,3782,1535384668,1535384786
5B12004780,3782,1535271257,1535271375
5B13001544,3782,1535027432,1535027550
5B13001544,3782,1535031163,0
5B13001544,3792,1535187806,1535187824
5B13001544,3797,1535188664,1535188718
5B13001544,3792,1535188894,1535188913
5B13001544,3797,1535188918,1535188972
5B13001544,3792,1535188977,1535188995
5B13001544,3792,1535189406,1535189424
5B13001544,3797,1535189960,1535190015
5B13001544,3797,1535190027,1535190082
5B13001544,3792,1535190130,1535190148
5B13001544,3797,1535191441,1535191496
5B13001544,3792,1535191501,1535191520
5B13001544,3797,1535191525,1535191579
5B13001544,3792,1535191584,1535191603
5B13001544,3792,1535191974,1535191992
5B13001544,3792,1535191997,1535192016
5B13001544,3792,1535192466,1535192484
5B13001544,3797,1535192495,1535192549
5B13001544,3792,1535193155,1535193173
5B13001544,3792,1535216050,1535216068
5B13001544,3797,1535216076,1535216130
5B13001544,3797,1535216947,1535217001
5B13001544,3792,1535217010,1535217028
5B20001069,3782,1535099769,1535099887
5B20001196,1,1483252243,1483252361
5B20001196,1,1483263121,1483263239
5B20001196,16,1483324660,1483324778
5B20001196,31,1483436213,1483436331
5B20002255,3782,1535050562,1535050680
5B20002346,3888,1535375680,1535375735
6109000351,1,1483360574,1483360692
6109000351,16,1483401665,1483401783
6111000164,1,1484379094,1484379212
6111000164,1,1484400714,1484400832
6111000164,1,1484410678,1484410796
6111000164,16,1484455180,1484455298
6111000297,3782,1535189443,1535189561
6111000297,3782,1535197782,1535197900
6111000438,3782,1534967030,1534967148
6111000438,3792,1535011126,1535011144
6111000438,3797,1535011936,1535011990
6111000438,3797,1535013293,1535013348
6111000438,3797,1535013354,1535013408
6111000438,3797,1535013432,1535013487
6111000438,3797,1535013499,1535013554
6111000438,3797,1535013560,1535013615
6111000438,3797,1535016071,1535016126
6111000438,3797,1535016143,1535016198
6111000438,3797,1535016259,1535016314
6111000438,3792,1535016329,1535016347
6111000438,3792,1535016353,1535016371
6111000438,3792,1535016376,1535016395
6111000438,3792,1535016405,1535016423
6111000438,3792,1535016429,1535016447
6111000438,3792,1535016472,1535016491
6111000438,3797,1535016500,1535016555
6111000438,3792,1535016578,1535016596
6111000438,3797,1535017925,1535017979
6111000438,3792,1535017986,1535018005
6111000438,3792,1535018251,1535018269
6111000438,3797,1535035940,1535035995
6111000438,3797,1535041400,1535041455
6111000438,3792,1535041460,1535041479
6111000438,3797,1535044086,1535044141
6111000438,3797,1535044147,1535044201
6111000438,3797,1535049545,1535049600
6111000438,3797,1535050858,1535050913
6111000438,3797,1535050918,1535050972
6111000438,3792,1535050978,1535050996
6111000438,3797,1535051001,1535051056
6111000438,3792,1535051482,1535051500
6111000438,3797,1535051511,1535051566
6111000438,3792,1535051577,1535051595
6111000438,3792,1535051624,1535051643
6111000438,3797,1535052568,1535052622
6111001026,3888,1535529270,1535529325
6111001026,3894,1535529978,1535530038
6111001060,3888,1535192048,1535192104
6111001060,3894,1535192771,1535192831
6111001060,3900,1535193778,1535193796
6111001060,3888,1535194447,1535194502
6111001060,3900,1535194909,1535194928
6111001060,3888,1535194935,1535194991
6111001060,3927,1535373507,1535373525
6111001722,3782,1535179299,1535179417
6111001722,3792,1535181248,1535181266
6111001722,3792,1535182117,1535182135
6111001722,3792,1535182141,1535182159
6111001722,3782,1535182170,0
6111001722,3792,1535193455,1535193473
6111001722,3792,1535193478,1535193496
6111001722,3792,1535194305,1535194323
6111001722,3792,1535194328,0
6111001722,3792,1535223385,1535223403
6111001722,3792,1535223409,1535223427
6111001722,3792,1535223434,1535223452
6111001722,3792,1535223460,1535223478
6111001722,3797,1535372833,1535372887
6111001722,3802,1535374367,1535374480
6111001722,3806,1535375001,1535375200
6111001722,3797,1535377580,1535377635
6111001722,3797,1535385704,1535385759
6111001722,3797,1535386348,1535386403
6111001722,3802,1535386558,1535386671
6111001722,3806,1535387247,1535387445
6111001722,3797,1535398558,1535398613
6111001722,3802,1535398618,1535398731
6111001722,3806,1535398947,1535399146
6111001722,3806,1535402884,1535403083
6111001722,3797,1535403328,1535403383
6111001722,3806,1535404116,1535404315
6111001722,3821,1535439582,1535439600
6111001722,3824,1535439901,1535440063
6111001722,3821,1535459540,1535459559
6111001722,3821,1535472154,1535472172
6111001722,3821,1535473929,1535473947
6111001722,3824,1535473975,1535474137
6111001851,3888,1535355443,1535355498
6111001851,3894,1535356102,1535356163
6111001851,3894,1535356656,1535356717
6111001851,3888,1535356845,1535356900
6111001851,3894,1535356910,1535356970
6111001851,3894,1535356986,1535367053
6111001851,3894,1535367069,1535367130
6111001851,3888,1535367277,1535367332
6111001851,3894,1535367344,1535367404
6111001851,3894,1535367712,1535369923
6111001851,3894,1535370238,1535370298
6111001851,3894,1535370419,1535370480
6111001851,3888,1535370713,1535370769
6111001851,3894,1535374115,1535396695
6111001851,3894,1535397551,1535397612
6111001851,3900,1535442043,1535442061
6111001851,3900,1535443252,1535443270
6111001877,3888,1535023243,1535023298
6111001877,3888,1535039431,1535039486
6111001877,3888,1535040225,1535040282
6111001877,3894,1535195616,1535195677
6111001877,3900,1535196618,1535196636
6111001901,3888,1535269582,1535269638
6111001901,3888,1535296593,1535296648
6111002168,3782,1535015367,1535015485
6111002168,3782,1535016825,0
6111002168,3792,1535186034,1535186053
6111002168,3797,1535186824,1535186879
6111002168,3802,1535187644,1535191876
6111002168,3806,1535192604,1535192803
6111002168,3792,1535192848,1535192866
6111002168,3797,1535192871,1535192926
6111002168,3802,1535192931,1535193044
6111002168,3806,1535193050,1535193249
6111002168,3806,1535193307,1535193706
6111002168,3821,1535292526,1535292545
6111002168,3824,1535370490,1535370653
6111002168,3824,1535381587,1535381749
6111002168,3824,1535389276,1535389439
6111002172,3888,1535105516,1535105571
6111002172,3888,1535106229,1535106284
6111002172,3894,1535206747,1535206807
6111002172,3900,1535284821,1535284840
6111002172,3927,1535372138,1535372156
6112000018,3782,1535189874,1535189992
6112000018,3792,1535191738,1535191757
6112000018,3792,1535192770,1535192789
6112000018,3792,1535192794,1535192812
6112000018,3792,1535192818,1535192836
6112000018,3782,1535192853,1535192971
6112000018,3797,1535310380,1535310434
6112000018,3802,1535311257,1535311370
6112000018,3806,1535311949,1535312148
6112001272,3782,1535026875,1535026993
6112001272,3792,1535028805,1535028823
6112001272,3782,1535031356,1535031474
6112001272,3792,1535033521,1535033540
6112001272,3782,1535059268,1535059386
6112001272,3792,1535061193,1535061212
6112001272,3888,1535129486,1535129541
6112001272,3894,1535130186,1535130247
6112001272,3900,1535131119,1535131138
6112001272,3888,1535133206,1535133262
6112001272,3894,1535133975,1535134036
6112001272,3900,1535135050,1535135069
6113000738,3782,1535114117,1535114235
6113000738,3782,1535120777,1535120895
6113000738,3888,1535179932,1535179987
6113000738,3888,1535225245,1535225300
6113000738,3894,1535266932,1535266992
6113000738,3894,1535267489,1535267549
6113000738,3894,1535267776,1535267836
6113000738,3894,1535268006,1535268066
6113000738,3894,1535268084,0
6113000738,3894,1535283232,1535283292
6113000738,3894,1535283854,1535283914
6113000738,3894,1535284078,1535284139
6113000738,3894,1535284476,1535284536
6113001046,3782,1534928593,1534928711
6113001046,3782,1534929559,1534929678
6113001046,3782,1534938085,1534938203
6113001046,3782,1534938609,1534938728
6113001046,3888,1535102798,1535102853
6113001046,3888,1535108147,1535108203
6113001046,3888,1535108620,1535108675
6113001046,3888,1535108687,1535108743
6113001046,3888,1535108748,1535108804
6113001046,3888,1535110786,1535110841
6113001046,3888,1535114624,1535114679
6113001046,3888,1535117723,1535117778
6113001046,3888,1535138336,1535138392
6113001046,3894,1535183860,1535183920
6113001046,3894,1535184433,1535184493
6113001046,3894,1535184660,1535184720
6113001046,3894,1535185224,1535185285
6113001046,3894,1535193099,1535193159
6113001046,3894,1535193671,1535193731
6113001046,3894,1535194834,1535194894
6113001046,3894,1535195878,1535195939
6113001046,3894,1535221412,1535221472
6113001046,3894,1535221538,1535221599
6113001046,3900,1535268315,1535268333
6113001046,3900,1535271234,1535271253
6113001046,3900,1535271489,1535271508
6113001046,3900,1535271615,1535271633
6113001046,3900,1535273011,1535273030
6113001046,3900,1535276984,1535277002
6113001046,3900,1535277007,1535277025
6113001046,3900,1535277349,1535277367
6113001046,3900,1535277376,1535277395
6113001046,3900,1535278385,1535278403
6113001046,3900,1535278410,1535278428
6113001046,3900,1535281627,1535281645
6113001046,3900,1535283096,1535283114
6113001046,3900,1535283650,1535283668
6113001046,3900,1535284750,1535284769
6113001046,3900,1535292262,1535292281
6113001046,3900,1535292286,1535292304
6114000037,3782,1535198172,1535198290
6114000037,3792,1535210971,1535210989
6115000481,3888,1535104239,1535104294
6115000481,3894,1535105418,1535105478
6115000481,3894,1535110058,1535110118
6115000481,3894,1535110752,1535110813
6115000481,3888,1535110820,1535110875
6115000481,3900,1535206630,1535206648
6115000810,3256,1532349881,1532349985
6115000810,3361,1532678697,1532678752
6115000810,3361,1532695294,1532695348
6115000810,3361,1532697388,1532697442
6115000810,3421,1533042310,1533042364
6115000810,3421,1533044328,1533044382
6115000810,3571,1533878188,1533878226
6115000810,3601,1534255191,1534255244
6115000810,3601,1534257380,1534257434
6115000810,3601,1534275935,1534275988
6115000810,3631,1534448982,1534449020
6115000810,3631,1534450535,1534450573
6115000810,3631,1534450737,1534450775
6115000810,1471,1535095474,1535095591
6115000810,1471,1535097855,1535097972
6115000810,1486,1535308849,0
6115001138,3782,1535188996,1535189114
6115001138,3782,1535191376,0
6115001138,3792,1535271004,1535271023
6115001138,3797,1535271737,1535271792
6115001138,3792,1535272473,1535272491
6115001138,3797,1535272496,0
6115001138,3792,1535280117,1535280135
6115001138,3792,1535280140,1535280159
6115001138,3797,1535280164,1535280218
6115001138,3792,1535280318,1535280336
6115001138,3797,1535280612,1535280667
6115001138,3792,1535280672,1535280690
6115001138,3792,1535280695,1535280714
6115001138,3792,1535281208,1535281227
6115001138,3792,1535281232,1535281250
6115001138,3792,1535281256,1535281274
6115001138,3792,1535281279,1535281298
6115001138,3797,1535281654,1535281709
6115001138,3792,1535282073,1535282091
6115001303,3782,1535386587,0
6115001357,3888,1535440067,1535440122
6115001357,3888,1535478228,1535478283
6116000881,1,1483290278,1483290396
6116000881,1,1483293144,1483293262
6116000881,16,1483317996,1483318114
6116000881,16,1483364324,1483364442
6116000881,16,1483367954,1483368072
6116000881,16,1483371759,1483371877
6116000971,3782,1535124430,1535124548
6116000971,3782,1535138661,1535138779
6116001038,3782,1535113433,1535113551
6116001038,3792,1535297212,1535297231
6116001038,3797,1535298037,1535298091
6116001038,3792,1535317860,1535317878
6116001038,3792,1535317884,1535317902
6116001038,3797,1535317907,1535317962
6116001038,3802,1535363314,1535363427
6116001038,3806,1535363991,1535364190
6116001038,3806,1535365531,1535365731
6116001038,3806,1535365741,1535365940
6116001038,3802,1535365945,1535366058
6116001038,3802,1535367993,1535369881
6116001038,3806,1535369895,1535370094
6116001038,3806,1535370684,0
6116001050,3782,1535014512,1535014630
6116001050,3792,1535016984,1535017003
6116001050,3792,1535018060,1535018078
6116001050,3792,1535018090,1535018108
6116001050,3782,1535018262,1535018380
6116001050,3782,1535018923,1535030977
6116001050,3792,1535032228,1535032246
6116001050,3792,1535052229,1535052247
6116001050,3792,1535052252,1535052271
6116001050,3792,1535055229,1535055248
6116001050,3792,1535055253,1535055271
6116001050,3782,1535055697,1535055815
6116001050,3792,1535055999,1535056017
6116001050,3792,1535057699,1535057717
6116001050,3797,1535095841,1535095896
6116001050,3802,1535096673,1535096786
6116001050,3806,1535097432,1535097630
6116001050,3802,1535100323,1535114679
6116001050,3797,1535115200,1535115255
6116001050,3802,1535115260,0
6116001050,3806,1535117196,1535117395
6116001050,3802,1535139287,1535139389
6116001050,3821,1535278335,1535278353
6116001050,3824,1535278602,1535278765
6116001050,3821,1535279306,1535279324
6116001050,3824,1535290984,1535291147
6116001050,3821,1535296570,1535296588
6116001050,3824,1535320194,1535320357
6116001161,3782,1535272255,1535272373
6116001161,3782,1535272816,1535272934
6116001178,3782,1535189540,1535189658
6116001178,3792,1535191237,1535191255
6116001178,3782,1535192192,1535192310
6116001178,3792,1535192316,1535192335
6116001178,3792,1535192340,1535192358
6116001178,3792,1535192368,1535192386
6116001178,3792,1535226171,1535226189
6116001178,3782,1535226196,1535226315
6116001178,3792,1535227730,1535227749
6116001178,3782,1535227764,1535227882
6116001178,3797,1535266901,1535266955
6116001178,3802,1535267600,1535267712
6116001178,3806,1535268229,1535268428
6116001178,3797,1535275306,1535275361
6116001231,3782,1535261273,1535261391
6116001231,3792,1535263120,1535263138
6116001231,3792,1535263976,1535263994
6116001231,3782,1535264124,1535264242
6116001231,3792,1535264253,1535264271
6116001231,3792,1535265311,1535265329
6116001231,3782,1535265651,1535265769
6116001231,3792,1535270819,1535270837
6116001231,3792,1535280104,1535280123
6116001231,3792,1535290806,1535290824
6116001231,3782,1535290833,1535290952
6116001231,3888,1535347386,1535347442
6116001231,3894,1535348066,1535348127
6116001231,3894,1535359109,1535359169
6116001231,3888,1535359179,1535359234
6116001231,3894,1535360303,1535360364
6116001231,3894,1535375920,1535375981
6116001231,3894,1535393726,1535393787
6116001231,3888,1535393796,1535393852
6116001231,3900,1535434246,1535434264
6116001234,3782,1535207580,1535207698
6116001320,3888,1535361560,1535361615
6116001320,3894,1535362411,1535362472
6116001320,3894,1535392587,1535392647
6116001320,3888,1535392666,1535392721
6116001320,3894,1535403207,1535403268
6116001320,3888,1535403571,1535403626
6116001320,3900,1535448155,1535448174
6116001328,1471,1521919987,1534943280
6116001328,1486,1521978165,1535108908
6116001328,1486,1521984123,1535111561
6116001328,1486,1521984434,1535142856
6116001328,1486,1521984493,1535144383
6116001328,1486,1521985472,1535144441
6116001328,1486,1521999344,1521999397
6116001328,1486,1521999436,1521999489
6116001328,1486,1521999498,0
6116001328,1486,1522005304,1522005358
6116001328,1486,1522006107,1522006161
6116001328,1486,1522006249,1522006302
6116001328,1486,1522006307,1522006361
6116001328,1486,1522006559,1522006613
6116001328,1486,1522006618,1522006671
6116001328,1486,1522007714,1522007768
6116001328,1486,1522007773,1522007827
6116001328,1486,1522007832,1522007885
6116001328,1486,1522007898,1522007952
6116001328,1486,1522010727,1522010780
6116001328,1486,1522010789,1522010842
6116001328,1486,1522011063,1522011116
6116001328,1486,1522011122,1522011176
6116001328,2101,1525605961,1525606015
6116001328,2101,1525608043,1525608098
6116001328,2101,1525608109,1525608163
6116001328,2101,1525642120,1525642174
6116001328,2416,1527063195,1527063233
6116001328,2416,1527065471,1527065509
6116001328,2416,1527065514,1527065552
6116001328,2416,1527065558,1527065596
6116001328,2476,1527420804,1527420842
6116001328,2731,1529329376,1529329415
6116001328,2731,1529344987,1529345026
6116001328,2836,1529491056,1529491109
6116001328,2836,1529493850,1529493903
6116001328,2836,1529493908,1529493962
6116001328,2836,1529493967,1529494020
6116001328,2836,1529494039,1529494093
6116001328,2836,1529505821,1529505874
6116001328,3046,1530699987,1530700041
6116001328,3046,1530719463,1530719517
6116001328,3151,1531335075,1531335113
6116001328,3211,1531663651,1531663689
6116001328,3256,1531931094,1531931147
6116001328,3256,1531933236,1531933290
6116001328,3256,1531933298,1531933351
6116001328,3571,1533727908,1533727946
6116001328,3571,1533731595,1533731633
6116001328,1471,1534943163,1534943280
6116001328,1471,1534968794,1534968911
6116001328,1471,1534971829,1534971946
6116001328,1486,1535108854,1535108908
6116001328,1486,1535111507,1535111561
6116001328,1486,1535142803,1535142856
6116001328,1486,1535144329,1535144383
6116001328,1486,1535144388,1535144441
6116001333,3888,1535102453,1535102508
6116001333,3894,1535103375,1535103436
6116001333,3894,1535109010,1535109071
6116001333,3894,1535109076,1535109136
6116001333,3888,1535109146,1535109201
6116001333,3894,1535109707,1535109767
6116001333,3894,1535110848,1535110908
6116001333,3894,1535114952,1535115013
6116001333,3888,1535143141,1535143196
6116001333,3894,1535143963,1535144024
6116001333,3894,1535144516,1535144577
6116001333,3900,1535190104,1535190123
6116001333,3900,1535191468,1535191486
6116001333,3900,1535193448,1535193466
6116001333,3900,1535193472,1535193490
6116001333,3900,1535195134,1535195152
6116001398,3888,1535375824,1535375879
6116001398,3894,1535443002,1535443063
6116001431,3782,1534928786,1534928904
6116001431,3782,1534933045,1534933163
6116001431,3888,1535132906,1535132961
6116001431,3894,1535133589,1535133649
6116001431,3894,1535137592,1535137652
6116001431,3888,1535137794,1535137850
6116001431,3888,1535142484,1535142539
6116001431,3900,1535181668,1535181687
6116001431,3900,1535183257,1535183275
6116001431,3900,1535183281,1535183299
6116001431,3900,1535185675,1535185693
6116001431,3900,1535191400,1535191418
6116001431,3900,1535191876,1535191894
6116001503,3782,1535267840,1535267958
6116001503,3792,1535274826,1535274844
6116001503,3792,1535275085,1535275103
6116001503,3792,1535275108,1535275126
6116001503,3792,1535275136,1535275155
6116001503,3792,1535275160,1535275178
6116001503,3792,1535275414,1535275433
6116001503,3792,1535275438,1535275456
6116001503,3792,1535275673,1535275691
6116001503,3782,1535275709,1535275827
6116001503,3792,1535276041,1535276059
6116001503,3792,1535276088,1535276107
6116001503,3792,1535276133,1535276151
6116001503,3792,1535276199,1535276218
6116001503,3782,1535276257,1535276375
6116001503,3792,1535278589,1535278607
6116001503,3792,1535279100,1535279118
6116001503,3782,1535279125,0
6116001503,3792,1535311031,1535311049
6116001503,3792,1535311056,1535311074
6116001535,3782,1535103751,1535103869
6116001535,3792,1535106776,1535106794
6116001535,3792,1535107976,1535107994
6116001535,3792,1535108714,1535108733
6116001535,3782,1535109526,1535109644
6116001535,3792,1535109651,1535109670
6116001535,3792,1535109685,1535109703
6116001535,3792,1535110383,1535110401
6116001535,3792,1535119288,1535119306
6116001535,3792,1535121029,1535121047
6116001535,3792,1535121052,1535121070
6116001535,3792,1535121075,1535121093
6116001535,3792,1535128951,1535128969
6116001535,3792,1535131669,1535131687
6116001535,3782,1535131696,1535131820
6116001535,3792,1535139851,1535139869
6116001577,3571,1533901381,1533901419
6116001577,3601,1534170439,1534170492
6116001577,3631,1534438669,1534438707
6116001577,3631,1534454141,1534454179
6116001577,1471,1535120736,1535120853
6116001577,1486,1535221116,1535221170
6116001579,3888,1535101511,1535101567
6116001579,3888,1535106583,1535106639
6116001579,3888,1535107061,1535107116
6116001579,3894,1535200137,1535200198
6116001579,3894,1535206638,1535206699
6116001797,3782,1534969338,1534969456
6116001797,3792,1535048023,1535048042
6116001797,3797,1535049006,1535049060
6116001797,3802,1535093090,0
6116001797,3802,1535093319,1535093431
6116001797,3806,1535094064,1535094263
6116001797,3806,1535111469,1535111667
6116001797,3802,1535111675,1535111788
6116001797,3802,1535117661,1535117774
6116001797,3802,1535117781,1535117893
6116001797,3806,1535117898,1535118097
6116001797,3806,1535118685,1535118884
6116001797,3806,1535120480,1535120678
6116001797,3802,1535120691,1535120804
6116001797,3802,1535121080,0
6116001797,3802,1535127969,1535128082
6116001797,3802,1535128535,1535128647
6116001797,3802,1535131899,1535132012
6116001797,3806,1535132018,1535132217
6116001797,3806,1535138450,1535138648
6116001797,3806,1535138865,1535139064
6116001829,3888,1535530630,1535530685
6116001829,3894,1535531474,1535531535
6116001829,3900,1535532610,1535532629
6116001829,3900,1535533076,1535533094
6116001829,3888,1535533241,1535533296
6116001829,3888,1535542957,1535543012
6116001829,3888,1535543277,1535543332
6116001829,3894,1535543339,1535543400
6116001829,3894,1535543970,1535544031
6116001851,3571,1534362808,1534362846
6116001851,3571,1534366621,1534366659
6116001893,3888,1535192296,1535192351
6116001893,3888,1535192739,1535192794
6116002022,1,952092053,952092172
6116002022,1,952114794,952114912
6116002022,16,952128033,952128151
6116002022,16,952176040,952176158
6116002022,16,952179050,952179168
6116002154,3782,1535217341,1535217459
6116002154,3792,1535268104,1535268122
6116002154,3797,1535268911,1535268966
6116002154,3792,1535269846,1535269864
6116002154,3792,1535269869,1535269887
6116002154,3797,1535269892,1535269946
6116002154,3792,1535269964,1535269982
6116002154,3797,1535269987,1535270042
6116002154,3792,1535270049,1535270067
6116002154,3792,1535290166,1535290185
6116002154,3792,1535290368,1535290386
6116002154,3797,1535312630,1535312684
6116002154,3792,1535314428,1535314446
6116002154,3792,1535316859,1535316878
6116002154,3792,1535319038,1535319056
6116002154,3802,1535359860,1535359973
6116002154,3806,1535360543,1535360742
6116002209,3782,1535014395,1535014513
6116002209,3792,1535016408,1535016426
6116002209,3792,1535017367,1535017385
6116002209,3792,1535017391,1535017410
6116002209,3792,1535017658,1535017676
6116002209,3792,1535017681,0
6116002209,3792,1535029249,1535029267
6116002209,3792,1535029274,1535029292
6116002209,3792,1535029625,1535029643
6116002209,3792,1535029649,1535029667
6116002209,3782,1535029676,0
6116002209,3792,1535029748,1535029767
6116002209,3792,1535044920,1535044938
6116002209,3782,1535044945,1535045063
6116002209,3782,1535047361,1535047480
6116002209,3792,1535053145,1535053164
6116002209,3797,1535099714,1535099768
6116002209,3802,1535100529,1535100641
6116002209,3806,1535101173,1535101372
6116002209,3797,1535102405,1535102459
6116002209,3806,1535102465,1535102664
6116002209,3797,1535112873,1535112927
6116002209,3806,1535112933,1535113131
6116002209,3802,1535113137,1535113249
6116002209,3821,1535207675,1535207693
6116002209,3824,1535207910,1535208073
6116002209,3821,1535216228,1535216247
6116002209,3824,1535216448,1535216611
6116002209,3824,1535222161,1535222252
6116002209,3857,1535460014,1535460126
6116002209,3857,1535477550,1535477591
6116002401,3782,1535196577,1535196695
6116002401,3792,1535198654,1535198672
6116002401,3782,1535199445,1535199564
6116002401,3792,1535224046,1535224064
6116002401,3797,1535271018,1535271073
6116002401,3802,1535272065,1535272177
6116002401,3806,1535272740,1535272939
6116002401,3802,1535273834,1535273954
6116002401,3797,1535280698,1535280753
6116002401,3802,1535280759,1535280871
6116002401,3806,1535280876,1535281075
6116002401,3806,1535281083,1535281282
6116002401,3806,1535282472,1535282671
6116002401,3802,1535282821,0
6116002401,3797,1535283107,1535283161
6116002401,3806,1535283170,0
6116002401,3797,1535283259,1535283318
6116002401,3797,1535283427,1535283485
6116002401,3806,1535283949,1535284148
6116002401,3802,1535314144,1535314257
6116002502,1,1483275848,1483275966
6116002502,16,1483317973,1483318092
6116002694,3888,1535036097,1535036152
6116002765,3888,1535404315,1535404370
6116002765,3888,1535404975,1535405031
6116002765,3894,1535437246,1535437306
6116002765,3894,1535438852,1535438913
6116002765,3894,1535438920,1535438983
6116002765,3894,1535446289,1535446349
6116002765,3894,1535447866,1535447926
6116002765,3894,1535461452,1535461513
6116002765,3894,1535461618,1535461678
6116002765,3894,1535463295,1535463355
6116002765,3894,1535486803,1535486864
6116002765,3894,1535488827,1535488887
6116002765,3894,1535491068,1535491128
6116002765,3894,1535491140,1535491200
6116002765,3894,1535491689,1535491750
6116002765,3900,1535534224,1535534242
6116002765,3900,1535536473,1535536491
6116002765,3900,1535536497,1535536515
6116002765,3900,1535536521,1535536539
6116002765,3900,1535536545,1535536563
6116002765,3900,1535538957,1535538975
6116002765,3900,1535539859,1535539877
6116002765,3900,1535539883,1535539901
6116002765,3900,1535539907,1535539925
6116002858,3782,1535109998,1535110116
6116002858,3792,1535112148,1535112166
6116002865,3782,1535188923,1535189041
6116002865,3792,1535273213,1535273231
6116002865,3797,1535274169,1535274224
6116002865,3797,1535275507,1535275562
6116002865,3797,1535275770,1535275825
6116002865,3792,1535275837,1535275855
6118001671,3782,1535028198,1535028316
6118001671,3782,1535056363,1535056481
6118001671,3888,1535114918,1535114973
6118001671,3888,1535146646,1535146701
6118001671,3894,1535200935,1535200996
6118001671,3894,1535202935,1535202995
6118001671,3894,1535226616,1535226677
6118001671,3894,1535230660,1535230721
6118001671,3900,1535293700,1535293719
6118001738,3782,1535271474,1535271592
6118001738,3792,1535273801,1535273819
6118001738,3792,1535274237,1535274255
6118001738,3782,1535274260,1535274378
6118001738,3792,1535274384,1535274402
6118001738,3792,1535274407,1535274426
6118001738,3792,1535274431,1535274449
6118001738,3792,1535274992,1535275011
6118001738,3792,1535275239,1535275258
6118001738,3782,1535275320,1535275438
6118001738,3792,1535275672,1535275691
6118001738,3792,1535278360,1535278379
6118001738,3782,1535278385,0
6118001738,3782,1535307677,1535307795
6118001738,3792,1535310113,1535310131
6118001738,3792,1535310137,1535310155
6118001738,3782,1535312341,1535312459
6118001738,3792,1535313134,1535313152
6118001895,3782,1535100354,1535100473
6118001895,3792,1535102223,1535102241
6118001895,3792,1535103119,1535103137
6118001895,3792,1535103584,1535103603
6118001895,3782,1535103619,1535103737
6118001895,3792,1535104273,1535104292
6118001895,3782,1535104299,0
6118001895,3792,1535107193,1535107212
6118001895,3782,1535107236,1535107354
6118001895,3792,1535107914,1535107932
6118001895,3792,1535107937,1535107955
6118001895,3792,1535107961,1535107979
6118001895,3792,1535107985,1535108003
6118001895,3792,1535108008,1535108026
6118001895,3792,1535108344,1535108362
6118001895,3792,1535108385,1535108403
6118001895,3792,1535108426,1535108445
6118001895,3782,1535108458,1535108576
6118001895,3792,1535108585,1535108604
6118001895,3792,1535108609,1535108627
6118001895,3792,1535108845,1535108864
6118001895,3792,1535108954,1535108972
6118001895,3792,1535109271,1535109290
6118001895,3792,1535111693,1535111711
6118001895,3792,1535113282,1535113300
6118001895,3792,1535113305,1535113323
6118001895,3792,1535113332,1535113350
6118001895,3792,1535127985,1535128004
6118001895,3792,1535128010,1535128028
6118001895,3782,1535128045,1535128164
6118001895,3792,1535129597,1535129615
6118001895,3792,1535140040,1535140059
6118001895,3782,1535140331,1535140449
6118001895,3888,1535193070,1535193125
6118001895,3894,1535193734,1535193795
6118001895,3900,1535194685,1535194703
6118001895,3894,1535195146,1535195206
6118001895,3888,1535195218,1535195273
6118001895,3900,1535195429,1535195447
6118001895,3888,1535203128,1535203183
6118001895,3894,1535203188,1535203248
6118001895,3900,1535203254,1535203272
6118001895,3900,1535203582,1535203601
6118001895,3900,1535205617,1535205636
6118001895,3894,1535225249,1535225309
6118001895,3900,1535225315,1535225333
6118001895,3888,1535225841,1535225896
6118001895,3888,1535228566,1535228621
6118001895,3894,1535228633,1535228693
6118001895,3888,1535229613,1535229668
6118001895,3894,1535229674,1535229734
6118002155,3782,1535224685,1535224804
6118002155,3792,1535226599,1535226617
6118002155,3782,1535227915,1535228033
6118002160,3782,1535048637,1535048755
6118002160,3792,1535056174,1535056192
6118002160,3797,1535098156,1535098211
6118002160,3802,1535098986,1535099098
6118002160,3806,1535099711,1535099910
6118002160,3797,1535108212,1535108267
6118002160,3806,1535108284,1535108483
6118002160,3802,1535108489,1535108601
6118002160,3806,1535108612,1535108811
6118002160,3802,1535108825,1535108938
6118002160,3797,1535108950,1535109005
6118002160,3802,1535109863,1535109976
6118002160,3797,1535110169,1535110224
6118002160,3821,1535184445,1535184463
6118002160,3824,1535184720,1535184882
6118002160,3824,1535185317,0
6118002160,3824,1535220522,1535220685
6118002165,3782,1535373823,1535373923
6118002196,3782,1535029813,1535029931
6118002196,3888,1535202265,1535202320
6118002196,3888,1535228116,1535228171
6118002196,3894,1535286657,1535286718
6118002196,3900,1535287530,1535287549
6118002196,3894,1535288766,1535288827
6118002196,3900,1535291010,1535291028
6118002196,3900,1535291034,1535291052
6118002196,3894,1535320693,1535320753
6118002196,3900,1535320759,1535320777
6118002248,3782,1535015341,1535015459
6118002248,3782,1535040579,1535040697
6118002248,3792,1535100370,1535100388
6118002248,3797,1535101307,1535101361
6118002248,3792,1535102320,1535102339
6118002248,3792,1535102345,1535102364
6118002248,3797,1535102371,1535102426
6118002248,3792,1535108614,1535108632
6118002248,3792,1535108637,1535108655
6118002248,3797,1535108661,1535108716
6118002248,3797,1535109991,1535110045
6118002248,3792,1535110051,1535110069
6118002248,3797,1535110438,1535110493
6118002248,3792,1535117481,1535117499
6118002248,3792,1535118959,1535118977
6118002248,3797,1535118984,1535119039
6118002248,3797,1535120057,1535120111
6118002248,3792,1535120631,1535120649
6118002248,3797,1535120654,1535120709
6118002248,3792,1535120718,1535120736
6118002248,3802,1535195926,1535196039
6118002248,3806,1535196529,1535196728
6118002248,3806,1535198701,1535198900
6118002248,3802,1535198917,1535199029
6118002248,3806,1535201698,1535201897
6118002248,3802,1535201903,1535202016
6118002248,3806,1535224490,1535224689
6118002248,3802,1535224700,1535224812
6118002248,3802,1535226214,1535226326
6118002248,3806,1535226332,1535226531
6118002248,3806,1535233360,1535233559
6118002248,3821,1535276054,1535276072
6118002248,3824,1535276317,1535276480
6118002248,3824,1535277793,1535277956
6118002248,3821,1535277961,1535277979
6118002248,3821,1535277984,1535278003
6118002248,3824,1535278011,1535278173
6118002253,3782,1535111938,1535112056
6118002253,3782,1535128955,1535129073
6118002253,3782,1535133050,0
6118002474,3782,1535445004,1535445122
6118002474,3792,1535446943,1535446961
6118002474,3782,1535448485,1535448604
6118002474,3792,1535448609,1535448627
6118002474,3792,1535448633,1535448651
6118002474,3782,1535449086,1535449217
6118002474,3792,1535449479,1535449497
6118002474,3792,1535450790,1535450808
6118002494,2731,1529175078,1529175116
6118002494,2731,1529179225,1529179263
6118002494,2731,1529179385,1529179423
6118002494,2731,1529179977,1529180015
6118002494,2731,1529180264,1529180302
6118002494,2731,1529181730,1529181768
6118002494,2731,1529181773,1529181811
6118002494,2731,1529181816,1529181854
6118002494,2731,1529181862,1529181900
6118002494,2731,1529182368,1529182407
6118002494,2731,1529184669,1529184708
6118002494,2731,1529184713,1529184751
6118002494,2731,1529185155,1529185193
6118002494,2791,1529512583,1529512622
6118002494,2791,1529514899,1529514937
6118002494,2836,1529658857,1529658911
6118002494,2836,1529661352,1529661405
6118002494,2836,1529661410,1529661464
6118002494,2836,1529661482,1529661535
6118002494,2836,1529693585,1529693638
6118002494,2836,1529693643,0
6118002494,2836,1529695811,1529695865
6118002494,2836,1529695989,1529696043
6118002494,2836,1529696050,1529696104
6118002494,2836,1529696757,1529696810
6118002494,2836,1529697117,1529697170
6118002494,2836,1529701774,1529701827
6118002494,2896,1530005003,1530005057
6118002494,3046,1530903783,1530903838
6118002494,3151,1531508320,1531508359
6118002494,3151,1531512968,1531513006
6118002494,3151,1531513012,1531513050
6118002494,3211,1532027455,1532027493
6118002494,3211,1532031200,1532031238
6118002494,3211,1532031255,1532031293
6118002494,3256,1532113437,1532113490
6118002494,3256,1532116053,1532116107
6118002494,3256,1532116115,1532116168
6118002494,3256,1532117939,1532117993
6118002494,3256,1532119225,1532119279
6118002494,3256,1532121201,1532121255
6118002494,3316,1532630255,1532630308
6118002494,3316,1532633292,1532633346
6118002494,3316,1532633351,1532633405
6118002494,3316,1532633424,1532633478
6118002494,3316,1532634451,1532634505
6118002494,3316,1532634570,1532634623
6118002494,3361,1532719141,1532719195
6118002494,3361,1532722304,1532722358
6118002494,3361,1532722367,1532722421
6118002494,3361,1532725131,1532725185
6118002494,3571,1533900360,1533900398
6118002494,3571,1533929216,1533929254
6118002494,3601,1534058594,1534058648
6118002494,3631,1534448714,1534448752
6118002494,3631,1534449141,1534449180
6118002494,3631,1534455965,1534456003
6118002494,1471,1535089990,1535090107
6118002494,1471,1535091997,1535092114
6118002494,1471,1535094161,1535094278
6118002494,1471,1535094287,1535094404
6118002494,1471,1535094865,0
6118002494,1471,1535143687,1535143804
6118002494,1486,1535178959,1535179012
6118002494,1486,1535181287,1535181341
6118002494,1486,1535197942,1535197996
6118002494,1486,1535199406,1535199460
6118002494,1486,1535225376,1535225454
6118002494,1486,1535225459,1535225513
6118002494,1486,1535225520,1535225573
6118002494,1486,1535225578,1535225632
6118002494,1486,1535231411,1535231464
6118002494,1486,1535231576,1535231629
6118002494,1486,1535231722,1535231775
6118002494,1486,1535231781,1535231834
6118002582,3888,1535446065,1535446120
6118002582,3888,1535485373,1535485429
6118002582,3894,1535527212,1535527272
6118002582,3900,1535528247,1535528265
6118002582,3894,1535528942,1535529003
6118002582,3900,1535529008,1535529026
6118002582,3894,1535529039,1535529100
6118002588,3782,1535014515,1535014634
6118002588,3792,1535097951,1535097969
6118002588,3797,1535098755,1535098810
6118002588,3792,1535100413,1535100431
6118002588,3792,1535100436,1535100455
6118002588,3792,1535100587,1535100605
6118002588,3797,1535100612,1535100667
6118002588,3792,1535100693,1535100712
6118002588,3792,1535110548,1535110567
6118002588,3792,1535135446,1535135464
6118002588,3797,1535144701,1535144756
6118002588,3792,1535144761,1535144779
6118002588,3888,1535187843,1535187898
6118002588,3894,1535188594,1535188655
6118002588,3900,1535189547,1535189565
6118002588,3894,1535189995,1535190055
6118002673,3888,1535190293,1535190348
6118002673,3888,1535190959,1535191014
6118002673,3894,1535280152,1535280213
6118002796,3888,1535100518,1535100573
6118002796,3894,1535101198,1535101258
6118002796,3894,1535101846,1535101907
6118002796,3894,1535130367,1535130427
6118002796,3894,1535134456,1535134517
6118002796,3894,1535134522,1535134582
6118002796,3900,1535186948,1535186966
6118002796,3900,1535188164,1535188182
6118002900,3782,1535103437,0
6118002900,3782,1535103598,1535103716
6118002900,3792,1535105351,1535105369
6118002900,3792,1535109246,1535109264
6118002900,3792,1535109274,1535109292
6118002900,3782,1535109304,1535109422
6118002900,3792,1535109564,1535109582
6118002900,3782,1535110473,1535110591
6118002900,3792,1535122158,1535122176
6118003009,3888,1535530390,1535530446
6118003009,3894,1535531102,1535531163
6118003009,3900,1535532147,1535532165
6118003014,3782,1535032199,1535032317
6118003014,3782,1535055029,1535055147
6118003014,3888,1535285938,1535285993
6118003014,3894,1535383929,1535383989
6118003014,3900,1535384986,1535385004
6118003123,3888,1535130953,1535131008
6118003123,3894,1535131710,1535131771
6118003235,3782,1535180192,1535180310
6118003235,3792,1535183813,1535183831
6118003235,3782,1535187087,1535187205
6118003235,3792,1535187210,1535187228
6118003235,3792,1535187233,1535187251
6118003235,3782,1535195195,1535195313
6118003235,3782,1535195374,1535195492
6118003235,3792,1535196081,1535196099
6118003235,3782,1535196108,1535196226
6118003235,3792,1535197889,1535197908
6118003235,3782,1535197929,1535198047
6118003235,3792,1535224488,1535224506
6118003293,3782,1535369465,1535398919
6118003293,3792,1535400685,1535400703
6118003587,3782,1535199511,1535199629
6118003587,3782,1535211556,1535211674
6118003587,3792,1535270735,1535270754
6118003587,3797,1535271514,1535271569
6118003587,3792,1535309799,1535309818
6118003587,3797,1535317097,1535317152
6118003587,3802,1535351908,1535352021
6118003587,3806,1535352605,1535352804
6127001519,3782,1535183999,1535184117
6127001519,3792,1535186139,1535186158
6127001519,3792,1535187056,1535187074
6127001519,3792,1535187079,1535187097
6127001519,3792,1535187270,1535187289
6127001519,3782,1535187425,1535187543
6127001519,3792,1535203915,1535203933
6127001519,3792,1535203939,1535203958
6127001519,3792,1535203963,1535203981
6127001519,3792,1535206898,1535206916
6127001519,3792,1535207107,1535207126
6127001519,3782,1535207460,1535207578
6127001519,3792,1535208754,1535208773
6127001519,3792,1535208777,1535208796
6127001519,3792,1535210477,0
6127001526,1,1486319237,1486319365
6128000687,3782,1535272827,1535272945
6128000687,3782,1535275664,1535275782
6128000687,3792,1535382400,1535382418
6128000687,3797,1535383157,1535383211
6128000687,3792,1535383969,1535383988
6128000687,3792,1535384853,1535384871
6128000687,3792,1535385671,1535385689
6128000687,3797,1535389188,1535389243
6128000687,3797,1535399562,1535399617
6128000687,3792,1535403154,1535403173
6128000687,3802,1535439980,1535440092
6128000687,3806,1535440631,1535440829
6128000687,3806,1535442966,1535443165
6128000687,3802,1535443173,1535443291
6128000842,3782,1535015197,1535015315
6128000842,3782,1535016689,1535016807
6128000842,3782,1535017769,1535017887
6128000842,3782,1535018347,1535018465
6128000842,3782,1535019650,1535019768
6128000842,3782,1535022211,1535022329
6128000842,3782,1535023609,1535023728
6128000842,3782,1535023733,1535023851
6128000842,3782,1535024424,1535024542
6128000842,3782,1535025021,1535025139
6128000842,3782,1535045718,1535045836
6128000842,3792,1535094373,1535094391
6128000842,3797,1535095337,1535095391
6128000842,3792,1535095446,1535095464
6128000842,3792,1535095729,1535095747
6128000842,3792,1535109141,1535109160
6128000842,3792,1535109165,1535109184
6128000842,3797,1535109421,1535109476
6128000842,3792,1535109683,1535109701
6128000842,3792,1535109706,1535109724
6128000842,3792,1535110244,1535110262
6128000842,3797,1535110872,1535110926
6128000842,3792,1535111120,1535111139
6128000842,3797,1535111154,1535111209
6128000842,3792,1535111626,1535111644
6128000842,3792,1535111961,1535111980
6128001009,3782,1535217716,1535217834
6128001009,3782,1535229058,1535229176
6128001009,3792,1535275242,1535275260
6128001009,3792,1535275303,1535275321
6128001009,3792,1535275326,1535275344
6128001009,3792,1535275623,1535275641
6128001009,3792,1535276091,1535276109
6128001009,3792,1535276114,1535276132
6128001009,3792,1535276170,1535276188
6128001009,3792,1535276826,1535276845
6128001009,3792,1535276860,1535276879
6128001009,3792,1535277000,1535277019
6128001009,3792,1535277071,1535277089
6128001009,3792,1535277109,1535277127
6128001009,3792,1535277147,1535277165
6128001009,3792,1535277186,1535277204
6128001009,3792,1535277219,1535277237
6128001009,3792,1535277267,1535277285
6128001009,3792,1535277303,1535277321
6128001009,3792,1535279651,1535279670
6128001009,3792,1535287188,1535287206
6128001009,3792,1535287211,1535287229
6128001009,3792,1535287540,1535287558
6128001009,3792,1535287563,1535287582
6128001009,3792,1535287587,1535287605
6129000366,3782,1535025330,1535025448
6129000366,3782,1535027232,1535027350
6130000236,3782,1535355721,1535355839
6130000236,3792,1535358025,1535358043
6130000245,3994,1535183319,1535183335
6130000245,3994,1535185180,1535185196
6130000245,3994,1535185204,1535185220
6130000245,3994,1535185225,1535185240
6130000245,3994,1535185396,1535185412
6130000245,3994,1535185417,1535185433
6130000245,3994,1535185571,1535185587
6130000245,3994,1535185592,1535185608
6130000245,3994,1535185613,1535185629
6130000245,3994,1535185812,1535185828
6130000245,3994,1535197289,1535197305
6130000245,3994,1535197471,1535197487
6130000245,3994,1535207868,1535207884
6130000245,3994,1535207890,1535207906
6130000245,3994,1535208652,1535208668
6130000245,3994,1535209209,1535209225
6130000245,3994,1535209549,1535209565
6130000245,3994,1535217662,1535217678
6130000245,3994,1535220461,1535220477
6130000245,3994,1535220483,1535220499
6130000245,3994,1535223406,1535223422
6130000245,3994,1535224149,1535224165
6130000245,3994,1535224170,1535224186
6130000245,3994,1535224942,1535224958
