Child ID,Village ID,Serial #1,Serial #2,Date #2,Serial #3,Date #3,Serial #4,Date #4,Serial #5,Date #5,Serial #6,Date #6,Serial #7,Date #7,Serial #8,Date #8,Serial #9,Date #9,Serial #10,Date #10,Serial #11,Date #11,Serial #12,Date #12,Serial #13,Date #13,Serial #14,Date #14
VBPPKW,29,6118002779,5A27001330,2018-03-26,6116002195,2018-07-29,6116001981,2018-09-21,6118002332,2018-12-21,,,,,,,,,,,,,,,,,,
WAZVHT,29,6116000931,,,,,,,,,,,,,,,,,,,,,,,,,,
GCXMNP,29,6116001443,5B13002174,2018-01-29,6111000586,2018-04-16,6116002037,2018-06-04,6118002995,2018-07-29,6116002608,2018-09-21,6116001805,2018-12-21,,,,,,,,,,,,,,
QHACYY,29,6115000474,5A29000560,2018-02-05,6115001508,2018-07-29,5A27002014,2018-09-21,5C03000328,2018-12-21,,,,,,,,,,,,,,,,,,
RGKMSZ,29,5A27001746,,,,,,,,,,,,,,,,,,,,,,,,,,
SYBECP,29,6116002708,6130000007,2018-04-05,5A27001622,2018-05-28,5A28002150,2018-07-29,6111000591,2018-09-21,6116002775,2018-11-12,5B20001060,2018-12-21,,,,,,,,,,,,,,
VRURAV,29,6118002397,5A27001398,2018-03-06,6118001769,2018-07-29,6116002414,2018-09-21,6111001097,2018-12-21,,,,,,,,,,,,,,,,,,
HMQKRV,29,6118002894,5B20001117,2018-07-29,5A28000924,2018-09-21,6116002662,2018-12-21,,,,,,,,,,,,,,,,,,,,
UWQKAS,29,6118002002,,,,,,,,,,,,,,,,,,,,,,,,,,
XPQSAG,29,6115001408,6111001644,2018-07-29,6116002675,2018-09-21,6111000734,2018-12-21,,,,,,,,,,,,,,,,,,,,
YSWZVR,29,6116002812,5B20001161,2018-07-29,6111000845,2018-09-21,6111000325,2018-10-15,5A27001390,2018-12-21,,,,,,,,,,,,,,,,,,
FNXMWB,29,6114000040,5A27000670,2018-03-26,6116002583,2018-07-29,6118003227,2018-09-21,6118001589,2018-12-21,,,,,,,,,,,,,,,,,,
BWXTHA,29,5A28001055,6118002859,2018-03-19,6116001319,2018-07-09,6118002858,2018-07-29,6118003158,2018-09-21,6118001764,2018-12-21,,,,,,,,,,,,,,,,
PXZPQA,29,6116001437,6116001383,2018-07-29,6116001928,2018-09-21,6126000252,2018-12-21,,,,,,,,,,,,,,,,,,,,
WCNHYB,29,6116001320,5B20001079,2018-07-29,5A29001322,2018-08-13,6115001278,2018-09-21,6118003134,2018-12-21,,,,,,,,,,,,,,,,,,
SBXZQH,29,5A29000286,6111001644,2018-07-29,6116002370,2018-09-21,5A27000600,2018-12-21,,,,,,,,,,,,,,,,,,,,
NBXTBV,29,6116001349,5B12003784,2018-07-29,6111002063,2018-09-21,5A28001898,2018-11-20,5A23001580,2018-12-21,,,,,,,,,,,,,,,,,,
KVGTEG,29,6118002143,5A27000651,2018-02-26,6118001589,2018-07-29,6126000092,2018-09-21,6118003513,2018-12-21,,,,,,,,,,,,,,,,,,
EXTRA,29,6111000946,6116001313,2018-07-29,,,,,,,,,,,,,,,,,,,,,,,,
EXTRA,29,5B04000036,6118002216,2018-07-29,6116002563,2018-09-21,6116001424,2018-12-21,,,,,,,,,,,,,,,,,,,,
EXTRA,29,6118003059,6116001136,2018-05-21,6111000976,2018-07-29,,,,,,,,,,,,,,,,,,,,,,
SPARE,29,5B13002174,5A29001322,2018-07-29,6111000325,2018-09-21,6118003068,2018-11-25,6116001672,2018-12-21,,,,,,,,,,,,,,,,,,
GQMGXZ,30,6116001078,6118002203,2018-07-29,6115001242,2018-09-21,5A28002620,2018-12-21,,,,,,,,,,,,,,,,,,,,
ASEUAW,30,6118001787,6129001276,2018-07-29,5B13002344,2018-09-21,6116002112,2018-12-21,,,,,,,,,,,,,,,,,,,,
WNGCTR,30,5A27001925,5A29001468,2018-07-29,6116002184,2018-09-21,5A29001354,2018-12-21,,,,,,,,,,,,,,,,,,,,
NTGFVZ,30,6118002582,6116001798,2018-07-29,6130000093,2018-09-21,5A28000952,2018-12-21,,,,,,,,,,,,,,,,,,,,
EXGGPX,30,6114000857,6116001381,2018-07-29,5A27001974,2018-09-21,5A29001382,2018-12-21,,,,,,,,,,,,,,,,,,,,
TBTMZT,30,5A29000350,6129001109,2018-07-29,6115000409,2018-09-21,5A27001467,2018-12-21,,,,,,,,,,,,,,,,,,,,
BWRQFV,30,5A27001461,5A28002606,2018-07-29,6118003173,2018-09-21,6116002304,2018-12-21,,,,,,,,,,,,,,,,,,,,
EYCPZB,30,6111000736,5A23002735,2018-07-29,6111000969,2018-09-21,5A22000485,2018-12-21,,,,,,,,,,,,,,,,,,,,
AUYXAM,30,6115001397,6115000412,2018-07-29,6118002009,2018-09-21,6116001145,2018-09-26,5B20000601,2018-12-21,,,,,,,,,,,,,,,,,,
QFMEBA,30,6116001503,5A28000194,2018-07-29,5A29001267,2018-09-21,6111000711,2018-12-21,,,,,,,,,,,,,,,,,,,,
GNKFSY,30,6118003517,5B13002229,2018-07-29,6118003487,2018-09-21,6118002768,2018-12-21,,,,,,,,,,,,,,,,,,,,
QEBZMP,30,6118003240,6116000886,2018-01-24,6115001462,2018-07-29,6116001866,2018-09-21,5B04000214,2018-12-21,,,,,,,,,,,,,,,,,,
GGSAXZ,30,6116002192,6113001036,2018-07-29,6116001743,2018-09-21,6116001140,2018-12-21,,,,,,,,,,,,,,,,,,,,
GANVBM,30,6118002796,6116001395,2018-07-29,6116001900,2018-09-21,6116001319,2018-12-21,6116001554,2019-01-16,,,,,,,,,,,,,,,,,,
VECBEY,30,6116001194,6129001125,2018-07-29,6116002168,2018-08-07,6118002407,2018-09-21,6118003620,2018-12-21,6126000735,2019-01-08,,,,,,,,,,,,,,,,
GNMZXS,30,6116001231,6116001456,2018-05-16,5A28000417,2018-06-27,6118002803,2018-07-29,6118002427,2018-09-21,6130000027,2018-11-28,6118002162,2018-12-21,,,,,,,,,,,,,,
BVKBRF,30,6114000037,6118002226,2018-03-27,6118003608,2018-04-18,6118002252,2018-07-29,6116001901,2018-09-21,6115000404,2018-12-21,,,,,,,,,,,,,,,,
KEAPRH,30,6116000930,6112001158,2018-07-29,6118002267,2018-09-21,6116001338,2018-12-21,,,,,,,,,,,,,,,,,,,,
RMEBSS,30,5A27000754,6118002560,2018-07-29,6118002836,2018-09-21,6111001864,2018-12-21,,,,,,,,,,,,,,,,,,,,
CTHUZC,30,5A28002331,6118003124,2018-07-29,6111001627,2018-09-21,5A28001052,2018-12-21,,,,,,,,,,,,,,,,,,,,
YREKSP,30,6115002395,6115000382,2018-01-31,5A27001618,2018-07-29,6116001175,2018-09-21,6118002989,2018-12-21,,,,,,,,,,,,,,,,,,
SPARE,30,6116000886,6116002168,2018-07-29,6116001145,2018-09-21,6126000735,2018-12-21,,,,,,,,,,,,,,,,,,,,
PRPCGE,31,6118001678,6118002893,2018-07-29,5A27000462,2018-09-21,5A21001111,2018-12-21,,,,,,,,,,,,,,,,,,,,
YBNMTA,31,6116002449,6111991962,2018-03-05,6116002431,2018-07-29,5A27000731,2018-09-21,5A27000972,2018-12-21,,,,,,,,,,,,,,,,,,
TYMSWU,31,6116001822,5A28002196,2018-07-29,5A28001119,2018-09-21,5B20002420,2018-12-21,,,,,,,,,,,,,,,,,,,,
NZUXAK,31,6111001923,5A27000134,2018-05-21,5B12003456,2018-07-29,6111000253,2018-09-21,6116001922,2018-12-21,,,,,,,,,,,,,,,,,,
MRQEQQ,31,6112001157,6116001109,2018-05-21,5B12004704,2018-07-29,5A29001407,2018-09-21,5A29000683,2018-12-21,,,,,,,,,,,,,,,,,,
EXTRA,31,5A28000942,6116001755,2018-07-29,5B04000194,2018-09-21,6118003507,2018-12-21,,,,,,,,,,,,,,,,,,,,
EXTRA,31,6115000616,5B20001145,2018-07-29,6113000363,2018-09-21,6118002618,2018-12-21,,,,,,,,,,,,,,,,,,,,
EXTRA,31,6111000586,6113000722,2018-04-03,6116001350,2018-04-10,6111000579,2018-04-16,6111001666,2018-07-29,6116002436,2018-09-21,6116000854,2018-12-21,,,,,,,,,,,,,,
EXTRA,31,5A28000884,6116002472,2018-07-29,6116001420,2018-09-21,5A27001307,2018-12-21,,,,,,,,,,,,,,,,,,,,
EXTRA,31,6114000017,5A29001265,2018-07-29,6116001527,2018-09-10,5A28001065,2018-09-21,5B04000073,2018-12-21,,,,,,,,,,,,,,,,,,
EXTRA,31,6116001652,6115001558,2018-06-11,6126000113,2018-07-29,5A22000854,2018-09-21,6116001756,2018-12-21,,,,,,,,,,,,,,,,,,
EXTRA,31,5A22000832,6116001292,2018-07-29,6118002284,2018-09-10,5B13000692,2018-09-21,5B20001950,2018-12-21,,,,,,,,,,,,,,,,,,
EXTRA,31,6118002610,6116001100,2018-07-29,5A29001262,2018-09-21,6118001962,2018-12-21,,,,,,,,,,,,,,,,,,,,
EXTRA,31,6115001241,5A28002601,2018-07-29,6111001353,2018-10-02,5B20001289,2018-12-21,,,,,,,,,,,,,,,,,,,,
EXTRA,31,6111001239,5B20001386,,5A27000850,2018-04-16,6129001313,2018-07-29,6111001883,2018-09-21,6111000257,2018-10-30,6111002047,2018-12-21,,,,,,,,,,,,,,
SPARE,31,6111001962,6118002479,2018-04-09,6116002137,2018-04-16,5A28002425,2018-07-29,6111000257,2018-09-21,6116002480,2018-10-29,6116000795,2018-12-21,,,,,,,,,,,,,,
BAGSZN,32,6111001953,6118001519,2018-04-09,5A27001312,2018-06-29,,,,,,,,,,,,,,,,,,,,,,
NQWXQV,32,6116001441,6118002383,2018-07-29,5A23001515,2018-09-21,6118002845,2018-12-21,,,,,,,,,,,,,,,,,,,,
BZSGHM,32,6118002668,6116002801,2018-07-29,6118001615,2018-09-21,5A29001347,2018-12-21,,,,,,,,,,,,,,,,,,,,
FTKHUS,32,5A27002165,6111000595,2018-01-03,5B14001720,2018-07-29,6116002853,2018-09-21,6118002689,2018-12-21,5A27001907,2019-01-07,,,,,,,,,,,,,,,,
ZQZZMF,32,6118001676,5A28000329,2018-07-29,6116002346,2018-09-21,6116002500,2018-12-21,,,,,,,,,,,,,,,,,,,,
VESSCF,32,5A22001064,5B20002358,2018-07-29,6116001463,2018-09-21,6116001586,2018-12-21,,,,,,,,,,,,,,,,,,,,
UZMZAA,32,6116001623,6111000572,2018-07-29,6116002768,2018-09-21,5B14002041,2018-12-21,,,,,,,,,,,,,,,,,,,,
QSRNCR,32,6116001137,5B07003403,2018-07-29,6116002526,2018-09-21,6129001334,2018-12-21,,,,,,,,,,,,,,,,,,,,
KVRNBB,32,6116002297,5A27001822,2018-07-29,6113000656,2018-09-21,5A27001652,2018-12-21,,,,,,,,,,,,,,,,,,,,
AKVZVX,32,6115000416,5A28001233,2018-03-26,5A29000465,2018-06-29,,,,,,,,,,,,,,,,,,,,,,
FRUQYN,32,6118003255,6118002119,2018-04-03,6116001856,2018-06-29,,,,,,,,,,,,,,,,,,,,,,
NERGAF,32,6111001690,5B12002903,2018-07-29,6118002690,2018-09-21,5A22001062,2018-12-21,,,,,,,,,,,,,,,,,,,,
TUECXA,32,5B13002478,6118003018,2018-07-29,6118002816,2018-09-21,5A28002272,2018-12-21,,,,,,,,,,,,,,,,,,,,
BWXERZ,32,6127002557,6116001789,2018-07-29,6116002339,2018-09-21,5B20001321,2018-12-21,,,,,,,,,,,,,,,,,,,,
WQEYAQ,32,5A29000636,6130000048,2018-07-29,6118002197,2018-09-21,6116002854,2018-12-21,,,,,,,,,,,,,,,,,,,,
XNFZVB,32,5A27001248,6118002446,2018-01-22,5B13001962,2018-07-29,6127002893,2018-09-21,5A29001488,2018-12-21,,,,,,,,,,,,,,,,,,
EXTRA,32,6115000980,6111000377,2018-05-07,6129000602,2018-06-04,6118003013,2018-07-29,6116001468,2018-09-21,6116002706,2018-10-02,5B12002990,2018-12-21,,,,,,,,,,,,,,
EXTRA,32,5A27002204,6116001504,2018-07-29,6128000886,2018-09-21,6115001234,2018-12-21,,,,,,,,,,,,,,,,,,,,
SPARE,32,6111000595,6115000414,2018-07-29,6116000763,2018-09-21,5A27001907,2018-12-21,,,,,,,,,,,,,,,,,,,,
CQNVQP,33,5A27000980,5A27002234,2018-07-29,5A29001414,2018-09-21,6115001412,2018-12-21,,,,,,,,,,,,,,,,,,,,
FVWEEF,33,5B12003531,6115001020,2018-02-01,5B12002930,2018-07-26,6112001490,2018-07-29,6111001095,2018-09-21,5B20002248,2018-12-21,,,,,,,,,,,,,,,,
TFNFEE,33,5A27001696,6118002599,2018-02-01,5A27001961,2018-07-29,5B12003659,2018-09-21,6118003150,2018-12-21,,,,,,,,,,,,,,,,,,
SWHQYF,33,6116001706,,,,,,,,,,,,,,,,,,,,,,,,,,
VCASTN,33,6118002052,6116002164,2018-03-07,5A27001582,2018-07-29,6118002533,2018-09-21,6118003300,2018-12-21,,,,,,,,,,,,,,,,,,
RNTCPA,33,5A29001227,6113001425,2018-07-29,6111001784,2018-09-21,5A27001906,2018-12-21,,,,,,,,,,,,,,,,,,,,
NVCAAN,33,6118003072,5A27001666,2018-07-29,5A27002091,2018-09-21,6116001823,2018-12-21,,,,,,,,,,,,,,,,,,,,
VHSVVU,33,5B13001021,6109000647,2018-02-07,6129002178,2018-03-28,6125001116,2018-07-29,5B20002313,2018-09-21,5B12004661,2018-12-21,,,,,,,,,,,,,,,,
ZXAQWZ,33,5A28000870,6118001668,2018-07-29,5B13002366,2018-09-21,6116001923,2018-12-21,,,,,,,,,,,,,,,,,,,,
MPZZPV,33,5A28000082,6116001794,2018-07-29,6116002071,2018-09-21,6118002312,2018-12-21,,,,,,,,,,,,,,,,,,,,
NSBBGQ,33,6118003030,6116002176,2018-03-14,6129002217,2018-07-29,6116001176,2018-09-21,6116002566,2018-12-21,,,,,,,,,,,,,,,,,,
ACVTBZ,33,5A28001940,6118002048,2018-07-29,5B12003020,2018-09-21,6111002030,2018-12-21,,,,,,,,,,,,,,,,,,,,
NHXFNZ,33,5B20001069,6111001812,2018-07-29,6118001807,2018-09-21,6118002987,2018-12-21,,,,,,,,,,,,,,,,,,,,
RGZYKC,33,6116002614,5A27001660,2018-07-29,5A28002445,2018-09-21,6118002857,2018-12-21,,,,,,,,,,,,,,,,,,,,
HVZEUN,33,6118002198,6115001474,2018-01-13,5A22000758,2018-06-13,6115000500,2018-07-29,5A27001696,2018-09-21,6109000521,2018-10-16,6116002647,2018-12-21,,,,,,,,,,,,,,
MWQAMR,33,6116002613,6116001573,2018-07-29,6116001863,2018-09-21,5A22001119,2018-12-21,,,,,,,,,,,,,,,,,,,,
WVZAYX,33,6114000010,6130000192,2018-07-29,6114000213,2018-09-21,6116002815,2018-12-04,6130000073,2018-12-21,,,,,,,,,,,,,,,,,,
VSSGNH,33,5B13001018,6118003254,2018-02-07,5B20001258,2018-07-29,6116002092,2018-09-21,6116002019,2018-12-21,,,,,,,,,,,,,,,,,,
EESZGC,33,6114000124,5A27001133,2018-07-29,6109001520,2018-09-21,6116001352,2018-12-21,,,,,,,,,,,,,,,,,,,,
EXTRA,33,6118002762,6116001071,2018-07-29,6116001264,2018-09-21,6111001752,2018-12-21,,,,,,,,,,,,,,,,,,,,
SPARE,33,6115001474,6116002164,2018-02-22,6116002176,2018-03-07,5A22000758,2018-03-28,6116001384,2018-07-29,6109001521,2018-09-21,6118002640,2018-12-21,,,,,,,,,,,,,,
XAHAYB,34,6115001605,5A28001196,2018-03-26,6127001476,2018-07-29,5A23002107,2018-09-21,6118002106,2018-12-21,,,,,,,,,,,,,,,,,,
KBCSER,34,6118002808,6113000554,2018-01-15,5A28002652,2018-07-29,6118003187,2018-09-21,5B20001409,2018-12-21,,,,,,,,,,,,,,,,,,
PZPGCS,34,6118003017,6114000737,2018-07-29,6111001607,2018-09-21,6116002754,2018-12-21,,,,,,,,,,,,,,,,,,,,
SUYHQQ,34,6118002630,6116002183,2018-02-19,6111001019,2018-07-29,6118002651,2018-09-21,6118002838,2018-12-21,,,,,,,,,,,,,,,,,,
MKGRAQ,34,6116002061,6116002061,2018-04-09,5B13001112,2018-07-29,6115001315,2018-09-21,5A29000739,2018-12-21,,,,,,,,,,,,,,,,,,
MTBERZ,34,5A28000838,6118002963,2018-03-05,5B20001199,2018-04-09,5A22000868,2018-07-29,6116001698,2018-09-21,6118001932,2018-12-21,,,,,,,,,,,,,,,,
HUKQEA,34,6130000176,6111001089,2018-07-29,5A28000222,2018-09-21,6111001066,2018-12-21,,,,,,,,,,,,,,,,,,,,
NHRFQV,34,5B04000141,5A22000905,2018-07-29,5A23002785,2018-09-21,6111001855,2018-12-21,,,,,,,,,,,,,,,,,,,,
MCXBSN,34,6118002885,5A27001762,2018-06-25,6118003314,2018-07-29,6116002759,2018-09-21,6116002195,2018-12-21,,,,,,,,,,,,,,,,,,
TVZNBH,34,5A29001415,5A27000413,2018-02-27,5A28000387,2018-04-09,5B20002283,2018-07-29,5B12003367,2018-09-21,6118003400,2018-12-21,,,,,,,,,,,,,,,,
MAFHAP,34,6116001397,6116001337,2018-01-08,5B20001398,2018-07-29,6116002629,2018-09-21,6116001598,2018-12-21,5A27001075,2019-01-07,,,,,,,,,,,,,,,,
SPARE,34,5A22000868,5A27001834,2018-07-29,5A27001485,2018-09-21,5A27001075,2018-12-21,,,,,,,,,,,,,,,,,,,,
FWZQMH,35,5A23002421,5A28001846,2018-03-05,6118002234,2018-07-29,5B20002413,2018-09-21,6116001671,2018-12-21,,,,,,,,,,,,,,,,,,
KGWXMG,35,5A27001639,,,,,,,,,,,,,,,,,,,,,,,,,,
HYHAXT,35,5A23002669,6116002573,2018-07-29,6116002427,2018-09-21,5A28000335,2018-12-21,,,,,,,,,,,,,,,,,,,,
ACFVVN,35,6118001866,5A27001630,2018-06-11,5A28000844,2018-07-29,6118003308,2018-09-21,5A27001267,2018-12-21,,,,,,,,,,,,,,,,,,
EGYHAH,35,5A28000830,6129001258,2018-07-29,5A29000649,2018-09-21,6118002457,2018-10-22,6116002807,2018-12-21,,,,,,,,,,,,,,,,,,
GVHGPA,35,6118001758,6129002082,2018-07-29,6118003160,2018-09-21,5A27000864,2018-12-21,,,,,,,,,,,,,,,,,,,,
UBMSPU,35,6116001658,,,,,,,,,,,,,,,,,,,,,,,,,,
QFUNYZ,35,6116002216,6111001496,2018-07-29,6116001078,2018-09-21,5A29000867,2018-12-04,6129002307,2018-12-21,,,,,,,,,,,,,,,,,,
EXTRA,35,6118003243,6111001892,2018-07-29,6116002869,2018-09-21,6116001819,2018-12-21,,,,,,,,,,,,,,,,,,,,
EXTRA,35,6111001736,6116002004,2018-07-29,5A23002711,2018-09-21,6116001314,2018-12-21,,,,,,,,,,,,,,,,,,,,
SPARE,35,5A28001846,6129001151,2018-07-29,6118002457,2018-09-21,5A27001538,2018-12-21,,,,,,,,,,,,,,,,,,,,
MWEPKH,36,6116001893,5A27001975,2018-07-29,6116001939,2018-09-21,6116001527,2018-12-21,,,,,,,,,,,,,,,,,,,,
ZPVSRZ,36,6116000754,6118003354,2018-07-29,6118003036,2018-09-21,6109001476,2018-12-21,,,,,,,,,,,,,,,,,,,,
ZPHVCZ,36,6111002138,5A28002557,2018-03-20,6118003103,2018-07-29,5A22001269,2018-09-21,6116001026,2018-12-21,,,,,,,,,,,,,,,,,,
TZGNWA,36,6116001024,6114000120,2018-07-29,6116002516,2018-09-21,6111001821,2018-12-21,,,,,,,,,,,,,,,,,,,,
KPZSXA,36,6111000095,6118002217,2018-01-03,5A28002201,2018-07-29,6118002983,2018-09-21,6118002639,2018-12-21,,,,,,,,,,,,,,,,,,
AKSQZY,36,6116002744,6116002089,2018-07-29,6118001533,2018-09-21,6118002290,2018-12-21,,,,,,,,,,,,,,,,,,,,
XQGUTS,36,5A28001276,6127001229,2018-07-29,6116002533,2018-09-21,6116002152,2018-12-21,6116001818,2019-01-29,,,,,,,,,,,,,,,,,,
FTBXRS,36,6116001060,6111000058,2018-07-29,6111001840,2018-09-21,5A23001529,2018-12-21,,,,,,,,,,,,,,,,,,,,
UFCTVW,36,6116000914,6116001561,2017-12-17,5A28000346,2018-03-20,6116001564,2018-07-29,6111001910,2018-09-21,6116001479,2018-12-21,,,,,,,,,,,,,,,,
ZEVTHC,36,6118002096,5A27000788,2018-07-29,5A27001609,2018-09-21,5A21001028,2018-12-21,,,,,,,,,,,,,,,,,,,,
WPREUP,36,6116002179,6116002411,2018-07-29,6116001046,2018-09-21,6115001358,2018-12-21,5A27001778,2019-02-18,,,,,,,,,,,,,,,,,,
GCTBFV,36,5A27000221,6115001420,2018-02-19,6116001175,2018-03-27,6115002323,2018-04-04,6115001427,2018-07-09,5A28001174,2018-07-29,6118002672,2018-09-21,6113000632,2018-12-21,,,,,,,,,,,,
SNFHEN,36,5A29000674,6111000143,2018-07-29,6112001491,2018-09-21,5B20002013,2018-12-21,,,,,,,,,,,,,,,,,,,,
EAKFCE,36,5A27000778,5B20002418,2018-07-29,5A28001131,2018-09-21,6116001034,2018-12-21,,,,,,,,,,,,,,,,,,,,
EETTGF,36,6118002800,6118002535,2018-07-29,5A27000559,2018-09-21,5A27001967,2018-12-21,,,,,,,,,,,,,,,,,,,,
GTPQWG,36,6118002218,5A28001900,2018-02-05,6116002800,2018-07-29,6116002406,2018-09-21,6116001493,2018-12-21,,,,,,,,,,,,,,,,,,
TSBCKQ,36,6116001333,,,,,,,,,,,,,,,,,,,,,,,,,,
HBGFBH,36,6116002161,6116001060,2018-01-15,6115001631,2018-04-05,6116001617,2018-07-29,6116000904,2018-09-21,5B12003328,2018-12-21,,,,,,,,,,,,,,,,
EXTRA,36,6118002110,6116000870,2018-07-29,6116002541,2018-09-21,6116001168,2018-11-20,6116002577,2018-12-21,,,,,,,,,,,,,,,,,,
SPARE,36,6116001561,5B20001964,2018-07-29,6116001168,2018-09-21,6116001848,2018-12-21,,,,,,,,,,,,,,,,,,,,
VREPNN,37,6116001393,5A27000674,2018-07-29,5A28000163,2018-09-21,6116001560,2018-12-21,,,,,,,,,,,,,,,,,,,,
XHYCHU,37,5B12003379,5A29000810,2018-07-29,6116001692,2018-09-21,6116002738,2018-11-13,6111001802,2018-12-21,,,,,,,,,,,,,,,,,,
VZRVMX,37,6116002389,6118002773,2018-07-29,6116002863,2018-09-21,6109000901,2018-12-21,,,,,,,,,,,,,,,,,,,,
ZNCAFV,37,6118002649,5A23002744,2018-07-29,6111001641,2018-09-21,6115001616,2018-12-21,5A27002075,2019-01-15,,,,,,,,,,,,,,,,,,
RBKVKB,37,5A29000496,6116002182,2018-07-29,6118002973,2018-09-21,6111002116,2018-11-06,5B20001267,2018-12-21,,,,,,,,,,,,,,,,,,
EXTRA,37,5A23002751,6116001621,2018-07-29,6116001070,2018-09-21,5A27001566,2018-12-21,,,,,,,,,,,,,,,,,,,,
MRRZPB,37,6116002399,5A27000656,2018-07-29,6116001446,2018-09-21,6113001540,2018-12-21,,,,,,,,,,,,,,,,,,,,
HCEQNQ,37,6118002718,6116002654,2018-01-30,6112000222,2018-07-29,6116002614,2018-09-21,6116002543,2018-12-21,6129001232,2019-01-30,,,,,,,,,,,,,,,,
QPBMFM,37,6118002990,6116002363,2018-07-29,6116001075,2018-09-21,6116001710,2018-12-21,6111000672,2019-01-30,,,,,,,,,,,,,,,,,,
NEUYTY,37,6118002782,6111000285,2018-07-29,5A27000442,2018-09-21,6118003594,2018-12-21,,,,,,,,,,,,,,,,,,,,
TKWUNW,37,6118001978,5A27001869,2018-05-08,5B20002238,2018-07-29,6115000567,2018-09-21,6116001536,2018-12-21,,,,,,,,,,,,,,,,,,
MFRGWV,37,6118001725,6116001027,2018-07-29,6118003268,2018-09-21,5A29000538,2018-12-21,,,,,,,,,,,,,,,,,,,,
UGFMTA,37,6116001722,5A28002238,2017-12-12,5A22000458,2018-04-04,5B13002064,2018-07-29,6111001023,2018-09-21,6111001640,2018-12-21,,,,,,,,,,,,,,,,
SECVSW,37,6118002797,6116001387,2018-07-29,6111000156,2018-09-21,5A27001899,2018-12-21,,,,,,,,,,,,,,,,,,,,
EXTRA,37,6118001671,6118002627,2018-07-29,6116002839,2018-09-21,6111002143,2018-12-21,,,,,,,,,,,,,,,,,,,,
EXTRA,37,5B13000689,5A28002584,2018-07-29,6118003567,2018-09-21,6118002242,2018-12-21,,,,,,,,,,,,,,,,,,,,
EXTRA,37,6115000438,5B16001020,2018-07-29,6116002788,2018-09-21,5B20001182,2018-12-21,,,,,,,,,,,,,,,,,,,,
EXTRA,37,6118002185,6114000037,2018-06-26,6116002383,2018-07-29,6116002342,2018-09-21,5A28002440,2018-12-21,,,,,,,,,,,,,,,,,,
EXTRA,37,6118002228,6118002243,2018-07-29,5A27001537,2018-09-21,6118003534,2018-12-21,5A28002179,2019-02-18,,,,,,,,,,,,,,,,,,
SPARE,37,5A28002238,5A27001997,2018-07-29,6111002116,2018-09-21,5A27002075,2018-12-21,,,,,,,,,,,,,,,,,,,,
KGVEQA,38,5B13002402,6128000937,2018-07-29,6116001577,2018-09-21,5B20001133,2018-12-21,,,,,,,,,,,,,,,,,,,,
BZAZFY,38,6116001361,5A29001350,2018-07-29,6115001408,2018-09-21,6118003597,2018-12-21,,,,,,,,,,,,,,,,,,,,
KPAAEE,38,5A28001173,6116001370,2018-01-24,,,,,,,,,,,,,,,,,,,,,,,,
VMHPYZ,38,5A27001699,6116002475,2018-04-11,5B20001093,2018-07-29,6118001696,2018-09-21,6116002314,2018-12-21,,,,,,,,,,,,,,,,,,
EKMSTF,38,6116001514,6116001370,2018-01-10,6111000435,2018-06-25,6129001305,2018-07-29,6118002436,2018-09-21,6114000099,2018-12-21,,,,,,,,,,,,,,,,
BCYHMX,38,6116001548,6116001048,2018-07-29,5A29000380,2018-09-21,5B20001304,2018-12-21,,,,,,,,,,,,,,,,,,,,
EXTRA,38,6116001937,5A27000634,2018-07-29,6118002261,2018-09-21,5B12003069,2018-12-21,,,,,,,,,,,,,,,,,,,,
EXTRA,38,6111000178,5A29000336,2018-07-29,5A23001238,2018-09-21,6116001592,2018-12-21,,,,,,,,,,,,,,,,,,,,
SPARE,38,6116001370,6116001896,2018-07-29,5A28001732,2018-09-21,5A29000445,2018-12-21,,,,,,,,,,,,,,,,,,,,
GGYGHR,39,6118002974,6118002850,2018-07-29,6116002405,2018-09-21,6128001247,2018-12-21,,,,,,,,,,,,,,,,,,,,
ATAEKG,39,5A27001504,5B20001197,2018-07-29,6111000711,2018-09-21,5B13000889,2018-11-19,5B20001228,2018-12-21,,,,,,,,,,,,,,,,,,
HSUPUS,39,5A28000076,6118002531,2018-07-29,6116001529,2018-09-21,6116002073,2018-10-08,6116001872,2018-12-21,,,,,,,,,,,,,,,,,,
UGKPFR,39,5A28001139,6116001104,2018-05-28,6129001130,2018-07-29,6111000585,2018-09-21,6118002227,2018-12-21,,,,,,,,,,,,,,,,,,
BUYZHF,39,5A27001452,6115000538,2018-07-29,5A27001566,2018-09-21,6116002778,2018-11-12,5A22000863,2018-12-21,,,,,,,,,,,,,,,,,,
BSNNYY,39,6116001008,5A22000659,2018-07-29,5A21000973,2018-09-21,6116002794,2018-10-08,6116002855,2018-12-21,,,,,,,,,,,,,,,,,,
EYUQFV,39,5B13002240,6116002278,2018-07-29,5A27002059,2018-09-21,6115001325,2018-12-21,,,,,,,,,,,,,,,,,,,,
TUVGWB,39,5B13001559,6115000458,2018-07-29,5A28001103,2018-09-21,5B13001533,2018-12-21,,,,,,,,,,,,,,,,,,,,
FFHUTQ,39,6118001594,6116002143,2018-07-29,6115000983,2018-09-21,6118003457,2018-10-01,5A27000935,2018-12-21,,,,,,,,,,,,,,,,,,
QCHVEM,39,5A27001802,6116001511,2018-07-29,5A29001347,2018-09-21,6115002205,2018-10-02,6118002631,2018-12-21,,,,,,,,,,,,,,,,,,
PEMNEG,39,6116002537,6111002012,2018-01-29,5A28002489,2018-07-29,6118002958,2018-09-21,5B04000012,2018-10-29,6116001496,2018-11-07,5B04000109,2018-12-21,,,,,,,,,,,,,,
HESSGR,39,6118001614,5A28002612,2018-07-29,6111001065,2018-09-21,6118002352,2018-12-21,5A27001898,2019-02-18,,,,,,,,,,,,,,,,,,
XQHFMM,39,6116001400,5A27001302,2018-07-29,5A22000995,2018-09-21,6116002699,2018-12-21,,,,,,,,,,,,,,,,,,,,
SRQWQC,39,6118002937,6111000808,2018-07-29,6130000141,2018-09-21,6116000755,2018-10-08,6116002510,2018-12-21,,,,,,,,,,,,,,,,,,
NKFNRF,39,5A28000885,6116000815,2018-07-29,6111001180,2018-09-21,5B12003649,2018-12-21,,,,,,,,,,,,,,,,,,,,
PGKXUK,39,6116001579,6114000463,2018-07-29,6116001926,2018-09-21,5B12002649,2018-12-21,,,,,,,,,,,,,,,,,,,,
SAUWFR,39,6116001398,6118003003,2018-07-29,5A27000909,2018-09-21,6114000737,2018-12-21,,,,,,,,,,,,,,,,,,,,
PWFAPG,39,6116000813,6118001984,2018-07-29,6116000804,2018-08-27,6111001824,2018-09-21,6116002505,2018-12-21,,,,,,,,,,,,,,,,,,
HNKZMG,39,6116001556,6128000880,2018-07-29,6118003195,2018-09-21,6111000202,2018-12-21,,,,,,,,,,,,,,,,,,,,
MEQGWN,39,5B13000932,6118003301,2018-07-29,6109001517,2018-09-21,6118002680,2018-12-21,,,,,,,,,,,,,,,,,,,,
EXTRA,39,6115001324,6111002128,2018-07-29,6115002185,2018-09-21,6111002285,2018-12-21,,,,,,,,,,,,,,,,,,,,
SPARE,39,6111002012,6116001954,2018-07-29,6116001496,2018-09-21,6116002063,2018-11-07,5B13000871,2018-12-21,,,,,,,,,,,,,,,,,,
ZFCVZR,40,6118001900,6112000049,2018-03-15,6116002042,2018-07-29,5A28000063,2018-09-21,6116001777,2018-12-21,,,,,,,,,,,,,,,,,,
QYNFMQ,40,6116001065,6118002594,2018-07-29,6118001745,2018-09-21,6116001770,2018-12-21,,,,,,,,,,,,,,,,,,,,
ZUWXMW,40,6116001447,6115001453,2018-05-29,6129000660,2018-07-29,5A28000854,2018-09-21,6115000488,2018-12-21,,,,,,,,,,,,,,,,,,
NERSGP,40,6118002695,6116002666,2018-07-29,6109001591,2018-09-21,6118002316,2018-12-21,,,,,,,,,,,,,,,,,,,,
QNMPZY,40,6118002684,6118002196,2018-04-04,6111000322,2018-07-29,6115001277,2018-09-21,6114000067,2018-12-21,6111000929,2019-01-15,,,,,,,,,,,,,,,,
PWYZSE,40,6116001392,6112000018,2018-04-11,6118001515,2018-07-29,6111001676,2018-09-21,6113000799,2018-12-21,,,,,,,,,,,,,,,,,,
VYKMCT,40,6116001136,6116000909,,6116002844,2018-06-26,6118002262,2018-07-29,6112000087,2018-09-21,5A23002589,2018-12-21,,,,,,,,,,,,,,,,
YYUKRM,40,6116000878,6118001915,2018-06-05,6114000304,2018-07-29,6118002661,2018-09-21,6116002086,2018-12-21,,,,,,,,,,,,,,,,,,
FPGHBC,40,6116001115,5A28000319,2017-12-27,5A27000883,2018-07-29,6118003164,2018-09-21,6118001574,2018-12-21,,,,,,,,,,,,,,,,,,
XTBGYW,40,6116001466,6116001454,2018-07-29,6130000027,2018-09-21,6118002670,2018-11-13,6112001270,2018-12-21,,,,,,,,,,,,,,,,,,
SSTBQQ,40,6118001946,6116002009,2018-05-29,6116001760,2018-07-29,5A27001443,2018-09-21,5A27002016,2018-12-21,,,,,,,,,,,,,,,,,,
KSZFKV,40,5A27002091,6116001902,2018-07-29,6118002658,2018-09-21,5A29001442,2018-12-21,,,,,,,,,,,,,,,,,,,,
CYXXZA,40,6118002706,6111000262,2018-07-29,5A27002120,2018-09-21,6116002589,2018-12-21,,,,,,,,,,,,,,,,,,,,
SAUUCH,40,5A29000641,6118002909,2018-07-29,5A27000805,2018-09-21,6116001211,2018-12-21,,,,,,,,,,,,,,,,,,,,
UWKFHW,40,6118001765,6118002179,2018-03-20,6118002852,2018-06-19,5A28002358,2018-07-29,6115001388,2018-09-21,6116001439,2018-12-21,,,,,,,,,,,,,,,,
KPVMQC,40,6116002634,5A27001902,2018-07-29,6116001489,2018-09-21,6116001343,2018-12-21,,,,,,,,,,,,,,,,,,,,
SPARE,40,5A28000319,6112000049,2018-02-27,6118002179,2018-03-15,6116002009,2018-03-27,5B13002468,2018-07-29,6109000134,2018-09-21,5B13001188,2018-12-21,,,,,,,,,,,,,,
YAYMWE,41,6116001677,6118002474,2018-02-12,6118002555,2018-07-29,6113001057,2018-09-21,6111000577,,5A27001416,2018-12-21,,,,,,,,,,,,,,,,
UUWBZC,41,6118002423,6118002574,2018-07-29,5A28000370,2018-09-21,6116002747,,6129001885,2018-12-21,,,,,,,,,,,,,,,,,,
YEWSKM,41,5A28001892,6118002738,2018-07-29,6116001453,2018-09-21,6116000825,,6116001068,2018-12-21,,,,,,,,,,,,,,,,,,
TWPAVR,41,6115002258,6111000012,2018-07-29,6113000230,2018-09-21,6115000842,,6115000483,2018-12-21,,,,,,,,,,,,,,,,,,
TSETRM,41,5A27001773,6111001913,2018-07-29,6116001026,2018-09-21,6118001643,,6116002605,2018-11-19,6118001645,2018-12-21,6116002477,2019-01-14,,,,,,,,,,,,,,
XGFCKT,41,6116002091,6111000430,2018-07-29,6118002441,2018-09-21,6116002400,,6115001546,2018-12-21,,,,,,,,,,,,,,,,,,
YSZENB,41,6118002889,6111002168,2018-05-28,5A27000783,2018-07-29,6115002461,2018-09-21,5A28000298,,6116001036,2018-12-21,,,,,,,,,,,,,,,,
VCGUHU,41,5A27002152,6113001946,2018-07-29,6116002479,2018-09-21,6112002091,,6115000396,2018-12-21,5B20001235,2019-01-14,,,,,,,,,,,,,,,,
AXBGNE,41,6116002486,6118002273,2018-07-29,6111001392,2018-09-21,5B13001365,,6116001542,2018-12-21,5B12002960,2019-01-14,,,,,,,,,,,,,,,,
YGZSCF,41,6118002567,6116000975,2018-07-29,6111001615,2018-09-21,6116000833,,5B13002231,2018-12-21,6118002986,2019-01-14,,,,,,,,,,,,,,,,
RBAVWR,41,6116001711,5A29000337,2018-04-09,5A29001498,2018-07-29,6111001817,2018-09-21,5A27002039,,6116002163,2018-12-21,,,,,,,,,,,,,,,,
NEUKEW,41,5A27000654,5B12002580,2018-07-29,6111001648,2018-09-21,6115002018,,6118003299,2018-12-21,,,,,,,,,,,,,,,,,,
NQMKUK,41,6118002334,6113001059,2018-07-29,6116002272,2018-09-21,6116002490,,5B13001164,2018-12-21,,,,,,,,,,,,,,,,,,
CNETXE,41,6116000999,5B20002309,2018-07-29,5A29001403,2018-09-21,6118001761,,5A28001901,2018-12-21,,,,,,,,,,,,,,,,,,
FMWSUC,41,5A27002112,6118002253,2018-04-03,6116001217,2018-07-29,6115000488,2018-09-21,6116000776,,5B20001117,2018-12-21,6114000059,2019-01-14,,,,,,,,,,,,,,
ACCMXA,41,5A27001951,6116002658,2018-07-29,5A27000022,2018-09-21,6116002625,,5B12003105,2018-12-21,,,,,,,,,,,,,,,,,,
QVYXUH,41,5A28001923,6118002720,2018-07-29,6118003535,2018-09-21,6116001652,,6118002875,2018-12-21,5A28000329,2019-01-14,,,,,,,,,,,,,,,,
KFYABX,41,6116001475,6129002158,2018-07-29,5B20002421,2018-09-21,6116002571,,5B13002200,2018-12-21,5B28001033,2019-01-14,,,,,,,,,,,,,,,,
UQSUCZ,41,6116001643,6111000168,2018-07-29,6118003568,2018-09-21,6109000111,,6111000105,2018-12-21,6111002095,2019-01-14,,,,,,,,,,,,,,,,
FXSCEY,41,6116001366,6116001001,2018-07-29,5A23002623,2018-09-21,6111001869,,5A29000622,2018-12-21,,,,,,,,,,,,,,,,,,
EXTRA,41,6115001460,6116001039,2018-07-29,6118002666,2018-09-21,6118001796,,6116002561,2018-12-21,6116002189,2019-01-14,,,,,,,,,,,,,,,,
EXTRA,41,5A29000723,6118003191,2018-07-29,5A29000831,2018-09-21,6111002076,,6118003077,2018-12-21,,,,,,,,,,,,,,,,,,
SPARE,41,6118002474,6116002194,2018-07-29,6113001685,2018-09-21,,,6116002455,,6116002451,2018-12-21,,,,,,,,,,,,,,,,
MERQWW,42,6118003209,6118002969,2018-07-29,6111001911,2018-09-21,6115001241,2018-12-21,,,,,,,,,,,,,,,,,,,,
TURZCT,42,6118003074,5B12002892,2018-07-29,6118001915,2018-09-21,6118002648,2018-12-21,,,,,,,,,,,,,,,,,,,,
XZUZBN,42,6116001597,5B13002368,2018-01-09,6116002271,2018-07-29,6118002494,2018-09-21,6118003318,2018-12-21,,,,,,,,,,,,,,,,,,
RBGTSG,42,6112000063,5B12004766,2018-07-29,5C01000192,2018-09-21,5A27000526,2018-12-21,,,,,,,,,,,,,,,,,,,,
VPCFTZ,42,5A27001749,5B20002325,2018-07-29,6130000061,2018-09-21,6115001829,2018-12-21,,,,,,,,,,,,,,,,,,,,
PGXKSZ,42,5B07003403,6116001106,2018-07-29,6115000521,2018-09-21,6112001107,2018-12-21,,,,,,,,,,,,,,,,,,,,
XGXHZE,42,5A27000557,6116002581,2018-07-29,5A29001374,2018-09-21,6118002570,2018-12-21,,,,,,,,,,,,,,,,,,,,
QAKCNW,42,6112001436,6116001129,2018-06-12,5A29001356,2018-07-29,6114000004,2018-09-21,6118002912,2018-12-21,,,,,,,,,,,,,,,,,,
PWEUSU,42,5A27000722,5A28000917,2018-07-29,6116000915,2018-09-21,5A29001401,2018-12-21,,,,,,,,,,,,,,,,,,,,
NFMCSW,42,6116002135,6116002296,2018-05-01,6116001362,2018-07-29,5A27001662,2018-09-21,6111000647,2018-12-21,,,,,,,,,,,,,,,,,,
RNRMCU,42,5A28000016,5A28000350,2018-06-19,6116001339,2018-07-29,6111001959,2018-09-21,6116002564,2018-12-21,,,,,,,,,,,,,,,,,,
CXZABF,42,6116001452,5B20001186,2018-07-29,5A28001941,2018-09-21,5B13002216,2018-12-21,,,,,,,,,,,,,,,,,,,,
BTCYUC,42,5A27000471,6116001547,2018-07-29,5A28002179,2018-09-21,6129002158,2018-12-21,,,,,,,,,,,,,,,,,,,,
BFFRRC,42,6111002163,5A27001786,2018-05-01,6118002776,2018-07-29,6116001127,2018-09-21,6118002611,2018-12-21,,,,,,,,,,,,,,,,,,
UXQRQE,42,5B13001185,6116001260,2018-07-29,6111000290,2018-09-21,5A27001598,2018-12-21,,,,,,,,,,,,,,,,,,,,
HHYYRV,42,5A28001168,5A27001357,2018-07-29,5A28000364,2018-09-21,5A22001012,2018-12-21,,,,,,,,,,,,,,,,,,,,
FSQUBQ,42,6115002401,6116001234,2018-03-18,6116001294,2018-07-29,6116002072,2018-09-21,6118002912,2018-12-21,,,,,,,,,,,,,,,,,,
WCZZEC,42,6118002761,6115001421,2018-07-29,6116002174,2018-09-21,6118002318,2018-12-21,,,,,,,,,,,,,,,,,,,,
UWYFBR,42,6118002578,5A27001538,2018-07-29,6118002767,2018-09-21,6118002741,2018-12-21,,,,,,,,,,,,,,,,,,,,
YEKGCU,42,5A27001886,5A27000497,2018-07-29,6111001959,2018-09-21,5A22000679,2018-12-21,,,,,,,,,,,,,,,,,,,,
RTFZGN,42,6118002869,6118002165,2018-05-01,6116001809,2018-07-29,6118002708,2018-09-21,6118002950,2018-12-21,,,,,,,,,,,,,,,,,,
SPARE,42,5B13002368,6116001524,2018-07-29,5A27001991,2018-09-21,6116001769,2018-12-21,,,,,,,,,,,,,,,,,,,,
KKMQKA,43,6118002697,6116002366,2018-07-29,6116001052,2018-09-21,6116001833,2018-11-26,6116001045,2018-12-21,,,,,,,,,,,,,,,,,,
MGKYMN,43,6116001550,5A27000589,2018-06-19,6116001312,2018-07-29,6118002078,2018-09-21,6118002597,2018-12-21,,,,,,,,,,,,,,,,,,
VKMWKR,43,6118003059,6130000245,2018-02-27,6128000822,2018-07-29,6118001867,2018-09-21,5B13001609,2018-12-21,,,,,,,,,,,,,,,,,,
UMTSEP,43,6118003583,5B04000191,2018-01-19,6116002263,2018-07-29,6111000636,2018-09-21,5B13001053,2018-12-21,,,,,,,,,,,,,,,,,,
QFWZPS,43,6118002824,,,,,,,,,,,,,,,,,,,,,,,,,,
QMUEYF,43,5A23002711,6116001763,2018-05-22,5A28002553,2018-07-29,5A23001927,2018-09-21,6116002757,2018-12-21,,,,,,,,,,,,,,,,,,
AFBMMV,43,6116002059,5A28002542,2018-07-29,6111001069,2018-09-21,5A23002191,2018-12-21,,,,,,,,,,,,,,,,,,,,
PXVAKK,43,6115001227,6111001697,2018-04-04,,,,,,,,,,,,,,,,,,,,,,,,
PZBVMZ,43,6118002160,5A27000717,2018-07-29,6113000598,2018-09-21,6115000944,2018-12-21,,,,,,,,,,,,,,,,,,,,
EENTKG,43,6116001238,6118002260,2018-07-29,6108000650,2018-09-21,6116001956,2018-12-21,,,,,,,,,,,,,,,,,,,,
RSNFKM,43,6116001531,5A27000415,2018-03-20,5A27001643,2018-06-05,6118002505,2018-07-29,6118002562,2018-09-21,6130000110,2018-12-21,,,,,,,,,,,,,,,,
YVQGZB,43,5A27002001,6116001629,2018-07-29,6126000273,2018-09-21,6116002739,2018-12-21,,,,,,,,,,,,,,,,,,,,
EPZYYR,43,6116002106,6116002269,2018-07-29,6112001153,2018-09-21,6118003128,2018-12-21,,,,,,,,,,,,,,,,,,,,
UKWCWA,43,6118001585,5B20001167,2018-07-29,6116000843,2018-09-21,5B13001203,2018-12-21,,,,,,,,,,,,,,,,,,,,
EXTRA,43,6116001061,5A29000580,2018-07-29,6126000442,2018-09-21,6118003145,2018-12-21,,,,,,,,,,,,,,,,,,,,
EXTRA,43,6118003541,5A22000240,2018-04-04,6111001092,2018-07-29,5A27001885,2018-09-21,6116001433,2018-12-21,,,,,,,,,,,,,,,,,,
EXTRA,43,5A22000767,6111000339,2018-07-29,6116002136,2018-09-21,5B12003616,2018-12-21,,,,,,,,,,,,,,,,,,,,
EXTRA,43,6116002524,5A29001423,2018-07-29,6118003026,2018-09-21,5B13001122,2018-12-21,,,,,,,,,,,,,,,,,,,,
EXTRA,43,6116002786,6128000713,2018-07-29,6116000806,2018-09-21,6118002448,2018-12-21,,,,,,,,,,,,,,,,,,,,
EXTRA,43,6109000675,6118002349,2018-07-29,6116001722,2018-09-21,6118001711,2018-12-21,,,,,,,,,,,,,,,,,,,,
SPARE,43,5B04000191,6130000245,2018-02-25,5A27000415,2018-03-05,5B12003496,2018-03-20,5A27000662,2018-07-29,6116001483,2018-09-21,6116001647,2018-12-21,,,,,,,,,,,,,,
WCWBEN,44,6116001088,6116001973,2017-12-20,6116001208,2018-02-21,5A27000917,2018-06-12,5A27001861,2018-07-29,6111000599,2018-09-21,5B05001797,2018-12-21,,,,,,,,,,,,,,
BBPKPM,44,6118003125,6118002263,2018-07-29,6116001150,2018-09-21,5B14002046,2018-12-21,,,,,,,,,,,,,,,,,,,,
XGMWEA,44,6116000790,6116002540,2018-01-16,6115001648,2018-07-29,5A28002559,2018-09-11,6116001057,2018-09-21,5A28002639,,6118001630,2018-10-30,6116002341,2018-11-27,6118002432,2018-12-10,5B12004601,2018-12-21,,,,,,,,
XPMCBM,44,5A27000676,6118002623,2018-07-29,5A27001715,2018-09-21,6118001562,2018-12-21,6116001459,2019-01-02,,,,,,,,,,,,,,,,,,
MYYWST,44,5A23001427,6118002708,2017-12-06,5A27000434,2018-07-29,6123001044,2018-09-21,6113000807,2018-11-13,5B13002326,2018-11-20,6118003249,2018-12-21,,,,,,,,,,,,,,
CHUQYV,44,5A28001239,5A27001467,2018-07-29,6111001207,2018-09-21,6118002647,2018-12-03,6116002793,2018-12-21,,,,,,,,,,,,,,,,,,
NHKUCV,44,6116001341,5B04000147,2018-02-15,5B20001386,2018-06-05,6109000512,2018-07-29,5A28001013,2018-09-21,6114000052,2018-12-03,6116002530,2018-12-21,,,,,,,,,,,,,,
YGPSUX,44,5A27001806,,,,,,,,,,,,,,,,,,,,,,,,,,
AMXPGM,44,6111002126,6111001366,2018-04-24,5B20001173,2018-07-29,5A27001859,2018-09-21,5A28000141,2018-12-21,,,,,,,,,,,,,,,,,,
EXTRA,44,6115001291,,,,,,,,,,,,,,,,,,,,,,,,,,
SPARE,44,6118002708,6116001973,2017-12-13,5B04000147,2018-02-08,6111001366,2018-02-21,5B20001386,2018-05-01,6118003284,2018-06-19,6116001215,2018-07-29,5A28002639,2018-09-21,6116001459,2018-12-21,,,,,,,,,,
HNFPMH,45,6118002411,6115001469,2018-07-29,6114000971,2018-09-21,6118003581,2018-10-22,5A27001262,2018-12-21,,,,,,,,,,,,,,,,,,
NFHCYB,45,6118001509,6116001739,2018-07-29,6116002432,2018-09-21,6118002623,2018-12-21,,,,,,,,,,,,,,,,,,,,
ETUAMA,45,6116001046,6116002402,2018-02-12,6116002333,2018-07-29,5A27001928,2018-09-21,6118001655,2018-12-21,,,,,,,,,,,,,,,,,,
RUVPPG,45,6118002027,6111002045,2018-04-09,5B13000717,2018-07-29,6111002173,2018-09-21,5A28001737,2018-12-21,,,,,,,,,,,,,,,,,,
TSZYHK,45,6115002438,6130000177,2018-07-29,5C03000113,2018-09-21,5A29000472,2018-12-21,,,,,,,,,,,,,,,,,,,,
CXYEEV,45,6118002613,6116002535,2018-07-29,5A23002586,2018-09-21,6118002379,2018-12-21,,,,,,,,,,,,,,,,,,,,
TEAXKU,45,6111000438,,,,,,,,,,,,,,,,,,,,,,,,,,
FQFNAY,45,5A28000993,,,,,,,,,,,,,,,,,,,,,,,,,,
WTRFFR,45,6115001907,,,,,,,,,,,,,,,,,,,,,,,,,,
WPSZNY,45,5A28001121,6118002601,2018-07-29,6111001061,2018-09-21,5A27001219,2018-12-21,5A28002602,2019-01-14,,,,,,,,,,,,,,,,,,
WNFPKF,45,5B05001763,6118002805,2018-07-29,6115000810,2018-09-21,5B20002349,2018-12-03,5B20001997,2018-12-21,6116002789,2019-01-07,,,,,,,,,,,,,,,,
TTZRQX,45,6116001038,5A28002641,2018-07-29,5A27000457,2018-09-21,5A28000296,2018-12-21,,,,,,,,,,,,,,,,,,,,
TPMHHM,45,6115001600,6116002167,2018-07-29,6115001334,2018-09-21,6118002232,2018-12-21,,,,,,,,,,,,,,,,,,,,
RUCGAC,45,6116002612,,,,,,,,,,,,,,,,,,,,,,,,,,
EXTRA,45,5A29000341,6118002614,2018-07-29,5A27000730,2018-09-21,6116002081,2018-12-21,,,,,,,,,,,,,,,,,,,,
EXTRA,45,6111000324,5B20002297,2018-07-29,6116001878,2018-09-21,5A28001963,2018-10-10,,2018-12-21,,,,,,,,,,,,,,,,,,
EXTRA,45,6116002301,6116001424,2018-07-29,6113000741,2018-09-21,6113000610,2018-12-21,6116001692,2019-01-14,5A27001819,2019-01-22,,,,,,,,,,,,,,,,
EXTRA,45,5A22000684,6118003275,2018-05-16,6111001618,2018-07-29,6116001826,2018-09-21,6116002653,2018-12-21,,,,,,,,,,,,,,,,,,
EXTRA,45,6111001741,6111002113,2018-07-29,6118002093,2018-09-21,6129001117,2018-11-19,6116001838,2018-11-26,5B23001012,2018-12-21,,,,,,,,,,,,,,,,
SPARE,45,6116002402,6115000422,2018-07-29,5A28001963,2018-09-21,6116002789,2018-12-21,,,,,,,,,,,,,,,,,,,,
EFKUCH,46,6116002417,6129002219,2018-07-17,5A28000215,2018-07-29,5A27001199,2018-09-21,6111001086,2018-12-21,,,,,,,,,,,,,,,,,,
TRUXPA,46,5A27001383,6118001673,2018-05-08,6111000105,2018-07-29,6111000747,2018-09-21,6116001938,2018-12-21,,,,,,,,,,,,,,,,,,
ZGGPEU,46,5B20002190,5A27001650,2018-07-29,6118002764,2018-09-21,6128000644,2018-12-21,,,,,,,,,,,,,,,,,,,,
YYCRMN,46,5B20001405,6116000837,2018-07-29,6116002161,2018-09-21,5B13002468,2018-12-21,,,,,,,,,,,,,,,,,,,,
YAMXHZ,46,5B20001147,6111001549,,5B13002459,2018-03-19,5B20002399,2018-07-29,6116002284,2018-09-21,6129001273,2018-12-21,,,,,,,,,,,,,,,,
TQNPWS,46,6116001948,5B20001175,2018-07-29,6116002781,2018-09-21,6115001103,2018-12-21,,,,,,,,,,,,,,,,,,,,
GPRYMZ,46,5A28000013,6116002364,2018-05-08,6118002456,2018-06-29,5A29001487,2018-07-29,6116000942,2018-09-21,6111001129,2018-12-21,,,,,,,,,,,,,,,,
NQFGQX,46,6130000022,5A27001778,2018-05-08,5B13002431,2018-07-29,5C01000564,2018-09-21,6118003197,2018-11-13,6112000256,2018-12-21,,,,,,,,,,,,,,,,
AHFFAS,46,6116001910,,,,,,,,,,,,,,,,,,,,,,,,,,
YEKYTP,46,5A28001215,6116001047,2018-07-29,6111001874,2018-09-21,6115001222,2018-12-21,,,,,,,,,,,,,,,,,,,,
AKSANK,46,6111002147,6129001107,2018-07-29,6116001800,2018-09-21,6116002251,2018-12-21,,,,,,,,,,,,,,,,,,,,
CZXGQU,46,6118002768,5A29000304,2018-07-29,6116002440,2018-09-21,5A22001076,2018-12-21,,,,,,,,,,,,,,,,,,,,
NXSVHK,46,6111002076,6111000643,2018-07-29,6116002492,2018-09-21,6115002176,2018-10-02,6112000112,2018-12-21,,,,,,,,,,,,,,,,,,
WQGSZG,46,5A27001820,6116001315,2018-07-29,6118002913,2018-09-21,6118001643,2018-12-03,5A28002504,2018-12-21,,,,,,,,,,,,,,,,,,
TRRNPR,46,6116001751,6129001878,2018-05-30,6116001465,2018-07-29,6118003071,2018-09-21,6118002376,2018-12-21,,,,,,,,,,,,,,,,,,
WYGTNU,46,6116001667,,,,,,,,,,,,,,,,,,,,,,,,,,
GMPEWP,46,5A27001453,5A27000167,2018-07-29,6115000549,2018-09-21,6118003153,2018-10-09,6116001413,2018-12-21,,,,,,,,,,,,,,,,,,
BUVHZW,46,6118002155,5A28002564,2018-07-29,6116002807,2018-09-21,6115001005,2018-10-04,6118002784,2018-12-21,,,,,,,,,,,,,,,,,,
YUGGBV,46,5B12004736,6106002187,2018-02-20,6116001159,2018-07-29,6116001394,2018-09-21,6116001624,2018-12-21,,,,,,,,,,,,,,,,,,
MWFSFG,46,6116001642,6116002609,,6118003123,2018-06-21,6118002242,2018-07-29,6115001157,2018-09-21,6111001826,2018-12-21,,,,,,,,,,,,,,,,
SPARE,46,6116001646,6115002158,2018-02-20,5B12002883,2018-07-29,6116002838,2018-09-21,5B20002371,2018-12-21,,,,,,,,,,,,,,,,,,
RWKNFB,47,5A29001465,6116001175,2018-05-16,5A22000684,2018-07-27,6118003618,2018-07-29,6116002683,2018-09-21,6116000852,2018-12-21,,,,,,,,,,,,,,,,
QZRVUZ,47,5A27001249,6115002143,2018-07-29,6116002860,2018-09-21,6118002420,2018-12-21,,,,,,,,,,,,,,,,,,,,
WHWQQA,47,6111002183,,,,,,,,,,,,,,,,,,,,,,,,,,
GUNCRH,47,5A28000035,6111002163,2018-05-16,5A28000114,2018-07-09,6118002660,2018-07-29,6116002078,2018-09-21,6118002480,2018-12-04,5A29001360,2018-12-21,,,,,,,,,,,,,,
YKAGVC,47,6118002190,5A27002002,2018-06-07,6112000153,2018-07-29,6116002424,2018-09-21,6118001601,2018-12-21,,,,,,,,,,,,,,,,,,
FHHNGA,47,6116000757,5A27000655,2018-07-29,5A28001810,2018-09-21,6116001860,2018-12-21,,,,,,,,,,,,,,,,,,,,
ZHSPHR,47,6111001847,5A27000814,2017-12-28,,,,,,,,,,,,,,,,,,,,,,,,
EGWVSC,47,6118002997,5A27000693,2018-07-29,6116002716,2018-09-21,6118003131,2018-12-21,,,,,,,,,,,,,,,,,,,,
BSQFYV,47,6112000102,,,,,,,,,,,,,,,,,,,,,,,,,,
RVGHBB,47,6118002162,6111000253,2018-05-08,5A22000754,2018-07-29,6116002448,2018-09-21,6116002758,2018-12-21,5B13001119,2019-01-15,,,,,,,,,,,,,,,,
WUAPMN,47,5B13001653,5A22000786,2018-07-29,5A27000597,2018-09-21,6116002802,2018-12-21,,,,,,,,,,,,,,,,,,,,
ZRXFGR,47,5B13001544,6111000804,2017-12-14,6116001430,2018-07-29,5B12003531,2018-09-21,5B12004605,2018-12-21,,,,,,,,,,,,,,,,,,
PZBCCY,47,6116001015,5B20001196,2018-05-08,5B20002281,2018-07-29,6116002381,2018-09-21,5B12004753,2018-12-21,,,,,,,,,,,,,,,,,,
GGAAAU,47,6118003065,6113000390,2018-04-03,5A27001619,2018-07-25,5A27000229,2018-07-29,5B13001014,2018-09-21,5B13001148,2018-12-21,,,,,,,,,,,,,,,,
XPZXQW,47,5A29000544,,,,,,,,,,,,,,,,,,,,,,,,,,
BCUQHH,47,6116001150,6111001682,2018-07-29,6116002813,2018-09-21,6118001705,2018-12-21,6130000081,2019-01-23,,,,,,,,,,,,,,,,,,
XYUXZB,47,6118002615,5A28001044,2018-07-17,6116002748,2018-07-29,5B20002050,2018-09-21,5B13002417,2018-12-21,,,,,,,,,,,,,,,,,,
WUXNRT,47,5A29001188,6115001203,2018-07-29,6118001538,2018-09-21,5A28002276,2018-12-21,,,,,,,,,,,,,,,,,,,,
QNZSZK,47,6116001020,6111001901,2018-04-25,5A27000417,2018-07-29,6116002343,2018-09-21,6118002231,2018-12-21,,,,,,,,,,,,,,,,,,
FBQKTG,47,5A23002686,,,,,,,,,,,,,,,,,,,,,,,,,,
SPARE,47,6111000804,5A27002002,2018-05-16,5A22000684,2018-06-11,6118003214,2018-07-29,6118002480,2018-09-21,5B13001119,2018-12-21,,,,,,,,,,,,,,,,
RCGXFX,48,5B04000014,5A27001869,2018-03-12,5A27001477,2018-03-21,6113001007,2018-05-25,5A28000204,2018-07-29,6116001550,2018-09-21,6118003053,2018-12-21,5A27001436,2019-01-09,,,,,,,,,,,,
RFYWTB,48,6116001290,6116001352,2018-07-29,6114000046,2018-09-21,6116001995,2018-12-21,,,,,,,,,,,,,,,,,,,,
XUQHTU,48,5A28001929,5A27001494,2018-07-29,5B23001020,2018-09-21,6111002136,2018-12-21,,,,,,,,,,,,,,,,,,,,
PKYVYW,48,6116001072,,,,,,,,,,,,,,,,,,,,,,,,,,
UMATBN,48,5A22000658,5B13001254,,6116001869,2018-02-14,6116001986,2018-07-29,6116002231,2018-09-21,5A23002696,2018-12-21,,,,,,,,,,,,,,,,
BEPTUK,48,6118003122,5A28001901,2018-07-29,6116001411,2018-09-21,6128001009,2018-10-29,6116001165,2018-11-12,5B20001363,2018-12-21,,,,,,,,,,,,,,,,
KRTASX,48,6116002353,,,,,,,,,,,,,,,,,,,,,,,,,,
SSXYZP,48,6116002686,6111000620,2018-07-29,6116002843,2018-09-21,6116001267,2018-12-21,,,,,,,,,,,,,,,,,,,,
SKNXMW,48,6118001913,6129001445,2018-07-29,6116002828,2018-09-21,6116002349,2018-12-21,,,,,,,,,,,,,,,,,,,,
ACCQKV,48,5A28002468,,,,,,,,,,,,,,,,,,,,,,,,,,
EQQYMU,48,6116001130,,,,,,,,,,,,,,,,,,,,,,,,,,
APZMXB,48,6116002413,5A28000854,,6116001257,2018-06-11,5A27000776,2018-07-29,6118003390,2018-09-21,6116001037,2018-12-21,,,,,,,,,,,,,,,,
STKTMY,48,5A27000783,6116000866,2018-02-21,5B13001228,2018-07-16,6111002170,2018-07-29,5B20001374,2018-08-09,6118003317,2018-09-21,5B16000105,2018-12-21,,,,,,,,,,,,,,
NCPBZY,48,5A28001103,5B20001395,2018-07-29,6116002862,2018-09-21,6118002954,2018-12-21,,,,,,,,,,,,,,,,,,,,
TVWBAV,48,6116001546,6111001815,2018-02-14,5B13002359,2018-06-11,6109000645,2018-07-25,5A28000067,2018-07-29,6118002088,2018-09-21,6116002202,2018-11-19,5B13002430,2018-12-21,,,,,,,,,,,,
VYRXKF,48,6118002721,5A27000560,2018-06-20,5B12003441,2018-07-29,6129001207,2018-09-21,5C03001014,2018-12-21,,,,,,,,,,,,,,,,,,
ZAZGCR,48,6118002762,,,,,,,,,,,,,,,,,,,,,,,,,,
HNTFNE,48,6116002646,6116002557,,5A28001937,2018-07-23,6118002548,2018-07-29,6129002228,2018-09-12,5A27000471,2018-09-21,6116001845,2018-12-21,,,,,,,,,,,,,,
SPARE,48,6118002558,6116002217,2018-02-21,5A27000844,2018-04-11,6116001604,2018-07-16,6111000977,2018-07-29,6118002037,2018-09-21,5A27001436,2018-12-21,5B13002214,2019-01-21,,,,,,,,,,,,
YWMYKU,49,6116002436,6118003309,2018-02-12,6114000432,2018-07-29,5B20001304,2018-09-21,6118003580,2018-12-06,6118002675,2018-12-21,,,,,,,,,,,,,,,,
HUYVNF,49,5B13001014,6116000773,2018-07-29,6114000048,2018-09-21,6118002090,2018-12-21,,,,,,,,,,,,,,,,,,,,
FVTEVQ,49,5A27001684,5A27001402,2018-07-29,5A28002545,2018-09-21,5B20001159,2018-12-21,,,,,,,,,,,,,,,,,,,,
MSYTNB,49,5A27001741,6116002173,2018-03-12,,2018-07-23,6118002361,2018-07-29,6116001983,2018-09-21,6111001658,2018-12-21,,,,,,,,,,,,,,,,
PHMXEG,49,5A27001490,6111001613,2018-02-19,6118001907,2018-07-29,6111001983,2018-09-21,5B20001410,2018-12-21,,,,,,,,,,,,,,,,,,
RECATA,49,5A23002735,6118001500,2018-02-19,5A28001231,2018-07-29,5A27001254,2018-09-21,5A28001139,2018-12-21,,,,,,,,,,,,,,,,,,
ZWYKTN,49,6116002501,6116001028,2018-07-29,6116001972,2018-09-21,6118002977,2018-10-22,6111001734,2018-12-21,,,,,,,,,,,,,,,,,,
MFXCEZ,49,5A28001282,5A27000558,2018-01-29,6111001787,2018-07-29,5A29001291,2018-09-21,5A27001613,2018-12-21,,,,,,,,,,,,,,,,,,
BVRSHZ,49,6111000285,6116001669,2018-01-02,5A27000924,2018-07-29,5B13001498,2018-09-21,6118001654,2018-10-22,6118003165,2018-12-21,,,,,,,,,,,,,,,,
XSCTQU,49,5A28001406,6115000602,2018-07-29,6129001244,2018-09-21,5B20001177,2018-12-21,,,,,,,,,,,,,,,,,,,,
GPGNCK,49,6111002087,6115001745,2017-12-28,5B19000945,2018-07-29,5B27002075,2018-09-21,5A27002010,2018-11-15,5B12003089,2018-12-21,,,,,,,,,,,,,,,,
SPARE,49,6115001745,6116002173,,5A23001522,2018-04-03,6116002127,2018-07-29,6118002977,2018-09-21,6116002150,2018-12-21,,,,,,,,,,,,,,,,
TNUXTF,50,6116001704,5A22000462,2018-03-26,6118001866,2018-07-17,5B13001067,2018-07-29,6116002784,2018-09-21,6118002995,2018-12-21,,,,,,,,,,,,,,,,
XGZYSC,50,5A27000461,6111000065,2018-02-21,6116001006,2018-03-05,6116001805,2018-07-29,6116002175,2018-09-21,6115000564,2018-12-21,,,,,,,,,,,,,,,,
YFRFKR,50,6111001966,6118002904,2018-02-05,6111000023,2018-02-21,6118003595,2018-05-08,5A29000538,2018-07-29,6116001669,2018-09-21,5B12002933,2018-12-21,,,,,,,,,,,,,,
WKPSEQ,50,6113001095,6116001841,2018-01-23,6115001427,2018-02-21,6115001605,2018-04-09,6116001460,2018-04-23,5A27000475,2018-07-29,6118002693,2018-09-21,6116002847,2018-12-21,5A27002127,2019-01-15,,,,,,,,,,
FNGEYR,50,6111002017,6116001922,2018-07-29,6129001876,2018-09-21,6116002049,2018-12-21,,,,,,,,,,,,,,,,,,,,
FWSTVE,50,5B13001126,6115001619,2018-02-05,5A28002158,2018-03-26,5B20002271,2018-04-09,5A27001619,2018-04-30,6118002076,2018-05-14,6116001355,2018-07-29,6116001422,2018-09-21,6116001052,2018-12-21,,,,,,,,,,
HKVCZF,50,5A28000803,6111000628,2018-02-28,6118002669,2018-07-02,6111000234,2018-07-29,6115001623,2018-09-21,5B12003580,2018-12-21,,,,,,,,,,,,,,,,
QYGEMB,50,5A27000541,5A28000226,2018-03-26,,2018-05-13,6111001821,2018-07-29,6116002314,2018-09-21,6116002307,2018-11-12,6118002866,2018-12-21,,,,,,,,,,,,,,
MGMKHE,50,6112001490,5B19001400,2018-02-05,5B20001950,2018-07-29,6118002589,2018-09-21,6116001356,2018-10-22,5B13002447,2018-12-21,,,,,,,,,,,,,,,,
TZXGNB,50,6111002126,6116000869,,5B13000756,2018-04-05,6118003595,2018-05-14,6116001656,2018-07-29,5A27001312,2018-09-21,6116002354,2018-12-21,,,,,,,,,,,,,,
UFZUNH,50,6116002396,6118001565,2017-12-12,6116000976,,6116001818,2018-01-29,,,,,,,,,,,,,,,,,,,,
KXKCCA,50,6116002511,5B04000147,2018-07-02,,2018-07-23,6126000735,2018-07-29,6115001265,2018-09-21,6116001067,2018-12-21,,,,,,,,,,,,,,,,
HWMGKV,50,6118002915,6116001832,2018-02-12,6115001518,2018-07-29,6111000307,2018-09-21,6111001632,2018-12-21,,,,,,,,,,,,,,,,,,
BUBXWT,50,6118002581,6105000129,2018-01-23,6118002631,2018-07-29,6118002162,2018-09-21,6116001557,2018-10-22,6111000157,2018-12-21,,,,,,,,,,,,,,,,
NVGEER,50,6111001060,,,,,,,,,,,,,,,,,,,,,,,,,,
ZPTXUZ,50,6116002419,6116002223,2018-03-05,6129001095,2018-07-29,5A28000351,2018-09-21,5B13000759,2018-12-21,,,,,,,,,,,,,,,,,,
YNGBAP,50,6116001309,6113000713,2018-01-23,6115001637,2018-07-29,6111001832,2018-09-21,5B13002487,2018-12-21,,,,,,,,,,,,,,,,,,
KZMWFQ,50,6115000497,6118002092,2018-01-23,6112000118,2018-02-21,6116001923,2018-07-29,6116002705,2018-09-21,6116001675,2018-12-21,,,,,,,,,,,,,,,,
,50,6111001700,5B20002271,2018-01-29,6118003284,2018-04-05,5A28001014,2018-04-09,5A27001545,2018-06-25,6116002035,2018-07-29,6118001574,2018-08-06,6114000112,2018-09-21,5B12002956,2018-12-21,,,,,,,,,,
YHZETP,50,6116001622,6111002097,2018-01-23,6116001258,2018-02-12,6118002418,2018-07-02,5B20002343,2018-07-29,6118002125,2018-09-21,6116002762,2018-12-21,,,,,,,,,,,,,,
TQGXGN,50,5A28002462,6111600042,2018-03-12,6118002465,2018-07-29,6116001305,2018-09-21,6116001715,2018-12-21,,,,,,,,,,,,,,,,,,
SPARE,50,6118001565,6111000976,2018-11-14,6105000129,2018-01-22,5B19001400,2018-01-31,6115001619,2018-02-05,6112000118,2018-02-12,6116001006,2018-02-21,6111600042,2018-03-05,5A22000462,2018-03-12,6116001460,2018-04-09,5A27001545,2018-05-14,6118001574,2018-07-29,6116001356,2018-09-21,5A28002559,2018-12-21
UGFAVB,51,5A23001149,5B12002932,2018-07-29,6115001570,2018-09-21,5A28001121,2018-12-21,,,,,,,,,,,,,,,,,,,,
XGMRYH,51,5A28001144,5B20002332,2018-07-03,6111001446,2018-07-29,5A27000943,2018-09-21,5A27001560,2018-12-21,,,,,,,,,,,,,,,,,,
UYFPZC,51,6111001693,5A23001442,2018-02-21,5A29001254,,6118002603,2018-05-28,5B12003099,2018-07-29,6116002589,2018-09-21,5A27001358,2018-11-28,5A23002744,2018-12-21,,,,,,,,,,,,
MYGHMP,51,5A27001413,6116002721,2018-01-30,6118002143,2018-04-18,5A28001391,2018-05-28,6111000653,2018-07-03,5A29001254,2018-07-10,5A28001014,2018-07-18,5A27002061,2018-07-29,6118001608,2018-09-21,5B05002151,2018-12-05,6116001725,2018-12-21,,,,,,
WKUUAY,51,5A27000777,5B14002013,2018-01-03,6111001742,2018-07-29,6116001602,2018-09-21,6118002600,2018-10-23,6116001322,2018-12-21,,,,,,,,,,,,,,,,
BXVTQU,51,5A27000460,5A27001547,2018-07-29,6112001309,2018-09-21,6116002820,2018-10-23,6113001119,2018-12-21,,,,,,,,,,,,,,,,,,
WTKQYK,51,6118002352,5A28001240,2018-01-08,6114000971,2018-07-29,5A28002504,2018-09-04,6112000016,2018-09-21,6116001014,2018-12-21,,,,,,,,,,,,,,,,
HSVMBE,51,6116002045,5B13991232,2018-04-03,6115002052,2018-07-29,6115001122,2018-09-21,5A29000634,2018-12-21,,,,,,,,,,,,,,,,,,
QKGZEU,51,6111002168,5A28000943,2018-03-20,6118003194,2018-07-29,6118002126,2018-09-21,6115001617,2018-12-21,,,,,,,,,,,,,,,,,,
FUVYMK,51,6116001593,6118003105,2018-04-18,6115000399,2018-07-29,6118001619,2018-09-21,5A28001127,2018-12-21,,,,,,,,,,,,,,,,,,
FSWWMK,51,5A28001240,6116001552,2018-07-29,5A27000680,2018-09-21,6116002785,2018-10-23,6111001619,2018-12-21,,,,,,,,,,,,,,,,,,
BKACZE,51,5A22000881,6112001272,2018-03-13,6115000519,2018-07-29,5A27000588,2018-09-21,5C01001557,2018-12-21,,,,,,,,,,,,,,,,,,
TRCXPY,51,5A28000938,6111001877,2018-07-03,6118002148,2018-07-29,6116001223,2018-09-04,6116001093,2018-09-21,6116001232,2018-12-21,,,,,,,,,,,,,,,,
BUQMKS,51,5A28000115,6118002969,,6111001090,2018-05-28,5A27001838,2018-07-29,6130000194,2018-09-21,6116001455,2018-12-21,,,,,,,,,,,,,,,,
AHBPQX,51,6118002527,5A27001413,2018-01-23,6116001668,2018-07-29,5A27000752,2018-09-21,6116002560,2018-12-21,,,,,,,,,,,,,,,,,,
GVQHMP,51,6111002123,6126000252,2018-07-29,5A29001247,2018-09-21,5A22000829,2018-12-21,6116001169,2019-01-07,,,,,,,,,,,,,,,,,,
MMYSWA,51,5A27001616,6111001111,2018-07-29,6115001605,2018-09-21,6116001603,2018-12-21,,,,,,,,,,,,,,,,,,,,
QEYYHA,51,5A22000854,5A27000551,2018-01-03,6116001125,2018-07-29,6128000576,2018-09-21,6111002149,2018-12-21,,,,,,,,,,,,,,,,,,
TQYMHE,51,5B14002031,,,,,,,,,,,,,,,,,,,,,,,,,,
EXTRA,51,6116001376,6115000435,2018-04-03,5B12002832,2018-07-29,6113001699,2018-09-21,5C03000389,2018-12-21,,,,,,,,,,,,,,,,,,
EXTRA,51,6116001280,5A28001264,2018-03-20,,2019-02-04,,,,,,,,,,,,,,,,,,,,,,
SPARE,51,5A27000551,5A29001419,2018-07-29,6118002600,2018-09-21,6116001169,2018-12-21,,,,,,,,,,,,,,,,,,,,
ZYWRHW,52,6112001234,6118002766,2018-07-29,6118002652,2018-09-12,6116002756,2018-09-21,6116001072,2018-12-21,,,,,,,,,,,,,,,,,,
BUZWSF,52,5B13001015,,,,,,,,,,,,,,,,,,,,,,,,,,
VUYBFU,52,6116002765,,,,,,,,,,,,,,,,,,,,,,,,,,
QKHZWS,52,6115001261,6129001531,2018-07-29,6116002791,2018-09-21,5A28000359,2018-12-21,,,,,,,,,,,,,,,,,,,,
VNCMWW,52,5A27001937,6116002693,2018-07-29,6118002564,2018-09-21,6116001213,2018-12-21,,,,,,,,,,,,,,,,,,,,
FCSFSS,52,5A22000771,5B20002342,2018-07-29,6115001228,2018-09-21,6116002582,2018-12-21,,,,,,,,,,,,,,,,,,,,
FEVQZN,52,5A28000859,5B20002321,2018-07-29,5A27000687,2018-09-21,5A29001411,2018-12-21,,,,,,,,,,,,,,,,,,,,
XUPTTT,52,5A22000736,,,,,,,,,,,,,,,,,,,,,,,,,,
SXTMMW,52,6130000246,6116000876,2018-07-29,6113000578,2018-09-21,6118002263,2018-12-21,,,,,,,,,,,,,,,,,,,,
EXTRA,52,6116000776,6116001589,2018-07-29,6115000430,2018-09-21,6116001929,2018-12-21,,,,,,,,,,,,,,,,,,,,
EXTRA,52,6116001318,6118002714,2018-07-29,6116002726,2018-09-21,6116001807,2018-12-21,,,,,,,,,,,,,,,,,,,,
EXTRA,52,5A27001557,6116002841,2018-07-29,,,,,,,,,,,,,,,,,,,,,,,,
SPARE,52,6116001394,6115001095,2018-02-20,5A27001313,2018-07-29,6116001123,2018-09-21,6116002707,2018-11-07,6115001195,2018-12-21,6115000510,2019-02-05,,,,,,,,,,,,,,
GUUERG,53,6115001241,5B13001010,2018-01-09,5A29000620,2018-07-29,6114000056,2018-09-21,6116001553,2018-12-21,,,,,,,,,,,,,,,,,,
NTFWQN,53,5B20001386,5A28001643,2018-03-26,5A27000580,2018-07-29,5A28001874,2018-09-21,6115000377,2018-12-21,,,,,,,,,,,,,,,,,,
NBSCXW,53,6113001046,6114000067,2018-07-29,6118003262,2018-09-21,5A29000335,2018-12-21,,,,,,,,,,,,,,,,,,,,
AHRNNU,53,5B20001232,5A27001918,2018-07-29,5A28000209,2018-09-21,5B23001060,2018-12-21,,,,,,,,,,,,,,,,,,,,
AHAGNV,53,6116001857,,,,,,,,,,,,,,,,,,,,,,,,,,
KPGEQX,53,6111002100,,,,,,,,,,,,,,,,,,,,,,,,,,
HZSAPP,53,6113000237,,,,,,,,,,,,,,,,,,,,,,,,,,
WBWRNW,53,6118002732,6116001377,2018-07-29,5A22000971,2018-09-21,5A29000606,2018-12-21,,,,,,,,,,,,,,,,,,,,
VNPTWX,53,5A28000797,,,,,,,,,,,,,,,,,,,,,,,,,,
SCSZSN,53,6116002616,6116001499,2018-07-29,6126000428,2018-09-21,6118003232,2018-12-21,,,,,,,,,,,,,,,,,,,,
WCNUTT,53,5B20001158,6129002320,2018-07-29,6116001183,2018-09-21,6115000438,2018-12-21,,,,,,,,,,,,,,,,,,,,
BVQMUT,53,6116002326,6116001558,2018-07-29,6118002581,2018-09-21,6118003419,2018-12-21,,,,,,,,,,,,,,,,,,,,
WHKNVT,53,5A28001979,6116000854,2018-07-29,6118002595,2018-09-21,6111001837,2018-10-30,5A27001196,2018-12-21,,,,,,,,,,,,,,,,,,
ZTCBPP,53,6116002423,6114000061,2018-07-29,6116001346,2018-09-21,6116001327,2018-12-21,,,,,,,,,,,,,,,,,,,,
ZTSSAF,53,6116002806,,,,,,,,,,,,,,,,,,,,,,,,,,
WFAKQT,53,6118002696,5B12002757,2018-07-29,5B20001377,2018-09-21,5B20002348,2018-12-21,6126000165,2019-01-21,,,,,,,,,,,,,,,,,,
BRFHCQ,53,6111001778,6116001405,2018-07-29,6115000593,2018-09-21,6115000769,2018-11-20,6118002856,2018-12-21,5A28002152,2019-01-14,,,,,,,,,,,,,,,,
UTXVHN,53,6111000243,6118002588,2018-02-27,6116002280,2018-07-29,6113001697,2018-09-21,6115001467,2018-12-21,6118003610,2019-01-08,,,,,,,,,,,,,,,,
BGBNCU,53,6118002269,,,,,,,,,,,,,,,,,,,,,,,,,,
SPARE,53,5B13001010,5B13002494,2018-07-29,6111001837,2018-09-21,6115000769,2018-11-15,6116002579,2018-12-07,6118003610,2018-12-21,,,,,,,,,,,,,,,,
KFUMQH,54,6112001123,6116001025,2018-07-29,6118001932,2018-09-21,6118003176,2018-10-11,6111002033,2018-12-21,6116001707,2019-01-02,,,,,,,,,,,,,,,,
WCCZMY,54,6118002548,6109000807,2018-04-03,6116000875,2018-04-05,6116001598,2018-07-29,6116001342,2018-09-21,5B20002326,2018-10-11,6115001009,2018-12-21,,,,,,,,,,,,,,
REYSZR,54,5A28001415,6118002545,2018-05-09,6116001945,2018-07-29,6116002511,2018-09-21,5A28000368,2018-12-03,6116001329,2018-12-21,,,,,,,,,,,,,,,,
ZNFNXS,54,6116002300,5A27000404,2018-07-29,6118002618,2018-09-21,6118002835,2018-10-11,5B13002174,2018-11-20,6111001793,2018-12-21,6116001355,2019-02-04,,,,,,,,,,,,,,
GKARZR,54,6116001204,6118002067,2018-07-29,6113000632,2018-08-16,6111000906,2018-09-21,6116002393,2018-11-13,5B13001167,2018-12-21,,,,,,,,,,,,,,,,
PUAHUK,54,6118002981,6118002961,2018-04-19,6116002686,2018-04-26,6118002227,2018-07-29,6128001083,2018-09-05,5A27002022,2018-09-21,6114000576,2018-10-11,6118002392,2018-10-30,5A29001430,2018-12-21,,,,,,,,,,
ZBREFZ,54,5A28000988,,,,,,,,,,,,,,,,,,,,,,,,,,
QAFRPZ,54,5A27001901,6116001912,2018-03-22,6118002989,2018-07-29,6118002289,2018-09-21,6116000947,2018-12-21,,,,,,,,,,,,,,,,,,
RQAUMN,54,5A27001262,5A27001613,2017-12-21,5A27001432,2018-04-12,6116001582,2018-07-19,6129001326,2018-07-29,6129001197,2018-09-21,6118002431,2018-11-06,6116000796,2018-12-21,,,,,,,,,,,,
SPSNMK,54,5A28002562,6116002870,2018-07-29,5A29001381,2018-09-21,6111000211,2018-11-20,5A28002546,2018-12-21,,,,,,,,,,,,,,,,,,
SPARE,54,5A27001613,6109000807,2018-03-28,6118002545,2018-04-30,6116001582,2018-05-17,6113000632,2018-07-29,6114000576,2018-09-21,6116001707,2018-12-21,,,,,,,,,,,,,,
GNZFRM,55,5B05002169,5B13002105,2018-07-29,6115001503,2018-09-21,,2018-12-21,,,,,,,,,,,,,,,,,,,,
MGCERK,55,6112001128,6118001664,2018-03-07,5A27000362,2018-04-03,5A28002440,2018-07-29,6111000037,2018-09-21,5B20001146,2018-11-27,6115001489,2018-12-21,,,,,,,,,,,,,,
GNWHGM,55,6113001502,5B13001502,2018-07-29,5B20001809,2018-09-21,5A27000434,2018-12-21,,,,,,,,,,,,,,,,,,,,
MTYMKV,55,6115000409,5A21000494,2018-07-29,6115001405,2018-09-21,5A28000388,2018-12-21,,,,,,,,,,,,,,,,,,,,
RXWXMU,55,6116002082,6118003198,2018-07-29,6118001742,2018-09-21,6118002929,2018-12-21,,,,,,,,,,,,,,,,,,,,
GHAHSA,55,6114002051,5B14002051,2018-07-29,6126000209,2018-09-21,6115001477,2018-12-21,,,,,,,,,,,,,,,,,,,,
WQCAQE,55,6130000086,6116002531,2018-07-29,5A22000792,2018-09-21,5B13001009,2018-12-21,,,,,,,,,,,,,,,,,,,,
THABVT,55,6112001259,6111000734,2018-07-29,6118002789,2018-09-21,6116001018,2018-12-21,,,,,,,,,,,,,,,,,,,,
WBPZWH,55,6116001955,6116001888,2018-07-29,6109000655,2018-09-21,6116001673,2018-12-21,,,,,,,,,,,,,,,,,,,,
XVXCKB,55,6118002795,5B19001311,2018-07-29,6116002727,2018-09-21,6118001869,2018-12-21,,,,,,,,,,,,,,,,,,,,
YPCUCN,55,6113002263,6116001968,2018-07-29,5B20001185,2018-09-21,6116002289,2018-11-27,5A22001152,2018-12-21,,,,,,,,,,,,,,,,,,
TWUMRP,55,6118003302,6116002266,2018-07-29,6116002407,2018-09-21,6115001552,2018-12-21,,,,,,,,,,,,,,,,,,,,
WASFFP,55,6111000064,5B13000754,2018-07-29,6116002066,2018-09-21,6116002666,2018-12-21,,,,,,,,,,,,,,,,,,,,
QPYGQN,55,6116001651,6116001415,2018-07-29,6115001490,2018-09-21,5B20001908,2018-12-21,,,,,,,,,,,,,,,,,,,,
SPARE,55,5A28002692,6118002783,2018-06-21,6116001378,2018-07-29,6118002656,2018-09-21,5A22000957,2018-12-21,,,,,,,,,,,,,,,,,,
VQUGKK,56,5B04000101,6129001067,2018-07-29,6118002869,2018-09-21,5A29000454,,6116001903,2018-11-06,6111001042,2018-12-21,,,,,,,,,,,,,,,,
SCUYXP,56,5A27000353,6116002359,2018-07-29,6116001554,2018-09-21,6111000150,2018-11-27,6118003258,2018-12-21,,,,,,,,,,,,,,,,,,
EZSUYV,56,5A22001269,6118002498,2018-04-23,5A22001194,2018-07-29,5A29000454,2018-09-21,6114000085,2018-12-21,5A28000194,2019-01-08,,,,,,,,,,,,,,,,
AETQPR,56,6116001085,6118003475,2018-07-29,6116001851,2018-09-21,5B20001977,2018-12-21,,,,,,,,,,,,,,,,,,,,
WRSEBG,56,5B13002111,6111001344,,6129002283,2018-03-19,5A27001971,2018-07-29,5A23001417,2018-09-21,6116002777,2018-11-06,6116001139,2018-12-21,5A28000194,2019-01-14,,,,,,,,,,,,
XCFMHY,56,5A27001210,5A28001067,2018-03-05,5A27001051,2018-07-29,6116002048,2018-09-21,5A29001242,2018-12-21,,,,,,,,,,,,,,,,,,
GCHSZB,56,6118002651,5A28001067,2018-02-12,6126000075,2018-07-29,6116001840,2018-09-21,6116002704,2018-12-21,,,,,,,,,,,,,,,,,,
AVHBVM,56,6118001894,5A23001427,2018-05-23,6116001795,2018-07-29,6129001121,2018-09-21,5B20001144,2018-12-21,,,,,,,,,,,,,,,,,,
EXTRA,56,6113001710,6129002283,2018-04-16,6111002098,2018-07-29,6116001697,2018-09-21,6116001215,2018-12-21,,,,,,,,,,,,,,,,,,
EXTRA,56,6116001160,,,,,,,,,,,,,,,,,,,,,,,,,,
EXTRA,56,6111001495,5A28001242,2018-08-01,6111001552,2018-09-21,6116001025,2018-12-21,,,,,,,,,,,,,,,,,,,,
EXTRA,56,5A22000624,5A28000307,2018-07-30,5A27002032,2018-09-21,6116001392,2018-12-21,,,,,,,,,,,,,,,,,,,,
EXTRA,56,5A22001016,5A28001786,2018-04-23,6111000472,2018-07-29,6116001328,2018-09-21,6116001154,2018-12-21,,,,,,,,,,,,,,,,,,
EXTRA,56,6116002028,6112001289,2018-07-29,5A27000649,2018-09-21,6116002602,2018-12-21,,,,,,,,,,,,,,,,,,,,
SPARE,56,6116001485,6111001476,2018-07-29,6116001903,2018-09-21,5B13002111,2018-12-21,,,,,,,,,,,,,,,,,,,,
VFVCBS,142,6116001252,6128001009,2018-04-19,6118002219,2018-07-05,5C07001011,2018-07-29,5A28001272,2018-09-21,6115001518,2018-12-21,,,,,,,,,,,,,,,,
CSKVBA,142,6116001145,5B13002384,2018-03-27,6112001321,2018-07-29,5A29001306,2018-09-05,6111001855,2018-09-21,6116002193,2018-10-04,6111002124,,6129001284,2018-12-21,,,,,,,,,,,,
YGRYYZ,142,6118002551,6116001704,2018-04-19,5A29001303,2018-07-29,6116001204,2018-09-21,6116001656,2018-12-21,,,,,,,,,,,,,,,,,,
HZBABB,142,6118002055,5A28000114,2018-03-06,6118002190,2018-07-05,5A29001242,2018-07-29,5A23002430,2018-09-21,6116001649,2018-12-21,,,,,,,,,,,,,,,,
SAVPUZ,142,6115001410,6118003240,2018-07-29,5A28001295,2018-09-21,6111000668,2018-10-18,6109000512,2018-12-21,,,,,,,,,,,,,,,,,,
QSTKGX,142,5B13001263,6114000045,2018-02-01,6118003035,2018-07-29,6118002081,2018-09-21,6129002203,2018-10-18,6118002617,2018-12-21,,,,,,,,,,,,,,,,
AUXWBG,142,5A27000742,5B20002437,2018-07-29,6118003319,2018-09-21,6118001536,2018-10-18,6115001384,2018-12-21,5B20002370,2019-01-29,,,,,,,,,,,,,,,,
HXXKNQ,142,6116001686,6128001247,2018-07-29,5B20001170,2018-09-21,6116002816,2018-12-21,6118002891,2018-12-24,,,,,,,,,,,,,,,,,,
XQQXEW,142,6116000794,6118003576,2018-07-29,5A28002272,2018-09-21,6118002102,2018-10-16,5A27000621,2018-12-21,6115000505,2019-02-04,,,,,,,,,,,,,,,,
VAMCYP,142,6116001708,6116000751,2018-06-06,6118003594,2018-07-29,6111001619,2018-09-21,6116002395,2018-10-18,5B12002824,2018-12-21,5B19000945,2019-01-07,6115001491,2019-02-04,,,,,,,,,,,,
ZMEGHV,142,6116001409,6118002277,2018-04-30,5B20002437,2018-07-29,6115002206,2018-08-29,6118002598,2018-09-21,6118002477,2018-10-18,6116002550,2018-11-27,5B20001381,2018-12-21,6118002645,2019-01-07,5B13001202,2019-02-04,,,,,,,,
SPARE,142,6111001761,6116002193,2018-09-21,,,6118002891,2018-12-21,,,,,,,,,,,,,,,,,,,,