team,village_id,week_end_date,tablet_serials_count,tablet_serials
ROBOTUTOR,120,2018-06-08,1,['6114000971']
ROBOTUTOR,140,2018-06-08,1,['6116001454']
ROBOTUTOR,117,2018-06-22,11,"['5A27002171', '5A28000198', '5B20001144', '6112001529', '6115000404', '6116001248', '6116001732', '6116002699', '6118002332', '6118002376', '6128000880']"
ROBOTUTOR,121,2018-06-22,7,"['5B20001355', '5B20002310', '6111000190', '6111001491', '6111001754', '6118002839', '6118003109']"
ROBOTUTOR,126,2018-06-22,9,"['5A27001464', '5A28001127', '5B04000073', '6111000929', '6111001148', '6112000112', '6116002477', '6118002285', '6118002950']"
ROBOTUTOR,129,2018-06-22,4,"['5A28000396', '6111000075', '6111000722', '6111000726']"
ROBOTUTOR,130,2018-06-22,4,"['5A27001932', '6116002085', '6116002270', '6116002546']"
ROBOTUTOR,134,2018-06-22,19,"['5A27001487', '5A28000383', '5A28002324', '5A29000472', '5B20001212', '5B20001298', '5B20001324', '6109000137', '6115001489', '6116001671', '6116001953', '6116002196', '6116002526', '6116002623', '6118002232', '6118002870', '6118003300', '6118003513', '6118003565']"
ROBOTUTOR,140,2018-06-22,1,['6116001454']
ROBOTUTOR,114,2018-06-29,4,"['5A22000679', '5A27000864', '5A29000653', '6111001995']"
ROBOTUTOR,117,2018-06-29,10,"['5A27002171', '5A28000198', '5B20001144', '5B20001222', '6112001529', '6113000610', '6115000397', '6116002699', '6116002824', '6118001764']"
ROBOTUTOR,118,2018-06-29,8,"['5A29001382', '5B12003328', '5B12004776', '6115001325', '6115001829', '6116001373', '6116002152', '6116002497']"
ROBOTUTOR,119,2018-06-29,14,"['5A22001062', '5A27000459', '5B20001182', '6111000054', '6111000157', '6111001097', '6111001632', '6114000059', '6116001036', '6116001560', '6116002081', '6116002602', '6118002689', '6118002845']"
ROBOTUTOR,120,2018-06-29,17,"['5A23002753', '5A27001196', '5A27002127', '5A28002152', '5A28002453', '5A29001375', '5B20001381', '5B20002370', '6112000251', '6114000971', '6115000510', '6115001195', '6116000839', '6118001869', '6118002174', '6118002806', '6118003351']"
ROBOTUTOR,121,2018-06-29,8,"['5A27001307', '5B20001355', '5B20002310', '6111001754', '6116001139', '6118002839', '6118003060', '6118003109']"
ROBOTUTOR,122,2018-06-29,13,"['5A21001111', '5A22000806', '5A27001416', '5A28001748', '5B12003039', '6111001011', '6111002047', '6115001331', '6116001096', '6116001767', '6116002212', '6116002591', '6118002311']"
ROBOTUTOR,123,2018-06-29,22,"['5A23001580', '5A23002696', '5A27001891', '5A28002483', '5B12002824', '5B12003436', '5B20001410', '5B20001908', '6115001552', '6116000795', '6116001068', '6116001140', '6116001592', '6116001644', '6116001929', '6116002484', '6116002543', '6116002586', '6118002238', '6118002835', '6118003053', '6130000195']"
ROBOTUTOR,125,2018-06-29,14,"['5A22000446', '5A28000372', '5B12004661', '5B20001060', '5B20001221', '5B20001276', '6111001157', '6116000786', '6116001510', '6116001757', '6116002075', '6118001757', '6118002986', '6118003513']"
ROBOTUTOR,126,2018-06-29,7,"['5A23002589', '5A28001737', '6111000929', '6112001102', '6116001115', '6116001541', '6118002285']"
ROBOTUTOR,128,2018-06-29,24,"['5A27000711', '5A27001390', '5A27001575', '5A27001661', '5A27001753', '5A28000952', '5B12003039', '5B16000105', '5B20001208', '5B20002274', '6111001083', '6111002085', '6114000811', '6115000564', '6115001103', '6116000976', '6116001672', '6116001681', '6116001715', '6116002094', '6116002524', '6118002451', '6118002639', '6118003046']"
ROBOTUTOR,129,2018-06-29,9,"['5A27002228', '5B19001335', '5B20001235', '5B20002371', '6111000075', '6111000726', '6115001428', '6116001314', '6116002541']"
ROBOTUTOR,130,2018-06-29,1,['5A27001932']
ROBOTUTOR,133,2018-06-29,11,"['5A27001460', '5B20002420', '6116001116', '6116001777', '6116002525', '6116002561', '6116002704', '6118001662', '6118001677', '6118001962', '6118003265']"
ROBOTUTOR,134,2018-06-29,14,"['5A28000383', '5A28002324', '5B20001212', '5B20001298', '5B20001324', '6109000137', '6115001489', '6116001953', '6116002196', '6116002526', '6116002623', '6118002232', '6118003300', '6118003565']"
ROBOTUTOR,140,2018-06-29,19,"['5A21001028', '5A23001529', '5A27001612', '5A28000400', '5A29000606', '6111002143', '6114000018', '6116000807', '6116001018', '6116001267', '6116001454', '6116001481', '6116001520', '6116001778', '6116002257', '6118001655', '6118002144', '6118002883', '6118003134']"
ROBOTUTOR,114,2018-07-06,6,"['5A22000679', '5A27001967', '5A29000653', '6111001995', '6112000256', '6116001034']"
ROBOTUTOR,115,2018-07-06,15,"['5A22001009', '5A23002191', '5A23002701', '5A27001652', '5A28000359', '5A29000683', '5B20001228', '5B23001060', '6112001107', '6115000377', '6116001756', '6118002597', '6118002784', '6118003077', '6118003207']"
ROBOTUTOR,116,2018-07-06,19,"['5A29000767', '5B20001177', '5B20001289', '5B20001997', '5B20002032', '6111001042', '6111001658', '6111001816', '6115000396', '6115001241', '6116001479', '6116001649', '6116002019', '6116002653', '6116002729', '6118001645', '6118002470', '6118002617', '6118002675']"
ROBOTUTOR,117,2018-07-06,11,"['5A22000082', '5A27001466', '5B20001144', '5B20001222', '6112001529', '6115000397', '6116001673', '6116002002', '6116002699', '6118001764', '6118002332']"
ROBOTUTOR,118,2018-07-06,13,"['5A29001382', '5B12003105', '5B12003328', '5B12004776', '5B20001240', '5B20002013', '6115001325', '6116001373', '6116001493', '6116001542', '6116002152', '6116002497', '6118002290']"
ROBOTUTOR,119,2018-07-06,8,"['5A22001062', '5A27000459', '5B20001182', '6111001097', '6114000059', '6116001586', '6116002081', '6118002689']"
ROBOTUTOR,121,2018-07-06,10,"['5A27001307', '5B20001355', '6109000660', '6111000044', '6111001491', '6115001358', '6118001534', '6118003060', '6118003109', '6118003165']"
ROBOTUTOR,122,2018-07-06,19,"['5A21001111', '5A22000806', '5A27001219', '5A27001416', '5A28001748', '5A28001909', '5B20001363', '5B20002248', '6111000647', '6111001011', '6111002047', '6115001331', '6115001506', '6116001096', '6116001710', '6116001767', '6116002212', '6116002591', '6118002311']"
ROBOTUTOR,123,2018-07-06,17,"['5A23001580', '5A23002696', '5A27001891', '5A28002483', '5B12002824', '5B20001410', '5B20001908', '6115001552', '6116000795', '6116001068', '6116001140', '6116001644', '6116001929', '6116002484', '6116002586', '6118002238', '6118003053']"
ROBOTUTOR,124,2018-07-06,21,"['5A22001152', '5A27001218', '5A27001598', '5A27001907', '5A28001121', '5B23001012', '6111001826', '6112001373', '6115001616', '6115001617', '6115002170', '6116000781', '6116001014', '6116001154', '6116001322', '6116001327', '6116002577', '6118002275', '6118002412', '6118002741', '6118003534']"
ROBOTUTOR,126,2018-07-06,10,"['5A27001464', '5B04000073', '6111000929', '6112000112', '6112001102', '6116001115', '6116001541', '6116001964', '6118002285', '6118002950']"
ROBOTUTOR,127,2018-07-06,20,"['5A27001459', '5A28000305', '5A29000437', '5A29001488', '5B04000109', '5B12004601', '5B13000655', '5B13002231', '6111001793', '6111002095', '6115000434', '6115001467', '6116001675', '6116001819', '6118002312', '6118002352', '6118003027', '6118003039', '6128000644', '6129001903']"
ROBOTUTOR,130,2018-07-06,4,"['5A27001932', '6116002085', '6116002270', '6116002546']"
ROBOTUTOR,131,2018-07-06,10,"['5A27001262', '5A27001580', '5B12002459', '6109000901', '6111000882', '6113001045', '6116001688', '6116001823', '6118002875', '6129001165']"
ROBOTUTOR,132,2018-07-06,15,"['5A22000957', '5A22001134', '5A27000561', '5A27000600', '5A27001906', '5B20001267', '6111002082', '6115002167', '6116002079', '6116002112', '6116002251', '6116002787', '6118002735', '6118002866', '6129001885']"
ROBOTUTOR,133,2018-07-06,17,"['5A27001460', '5A28001033', '5A29000445', '5B12002649', '5B20001266', '5B20002348', '5B20002420', '6116001116', '6116001229', '6116001777', '6116001793', '6116002525', '6116002620', '6118001662', '6118001677', '6118001962', '6118002891']"
ROBOTUTOR,134,2018-07-06,7,"['5A28002324', '5B20001324', '6115001489', '6116001671', '6116002196', '6118002232', '6118003565']"
ROBOTUTOR,135,2018-07-06,6,"['5A27001530', '5A27001613', '6116001553', '6116002304', '6116002561', '6129001334']"
ROBOTUTOR,136,2018-07-06,5,"['5A27000972', '5B20002349', '6116000805', '6118001705', '6118002570']"
ROBOTUTOR,137,2018-07-06,14,"['5A28000872', '5B20001354', '5B23001071', '6111001715', '6115000901', '6116001232', '6116001335', '6116001956', '6116002451', '6118002043', '6118002520', '6118002680', '6118003303', '6128000670']"
ROBOTUTOR,138,2018-07-06,12,"['5A27001560', '5A29000634', '5C01001557', '5C03001014', '6111001129', '6115001473', '6116001364', '6116001624', '6116001995', '6118002645', '6118003258', '6130000110']"
ROBOTUTOR,139,2018-07-06,16,"['5A22000485', '5A22001076', '5A27000621', '5A27001518', '5B12003451', '5B20001037', '6112000357', '6116001413', '6116001852', '6116001985', '6116002449', '6116002582', '6118001762', '6118002857', '6128000670', '6129001065']"
ROBOTUTOR,140,2018-07-06,16,"['5A21001028', '5A23001529', '5A27001612', '5A28000400', '5A29000606', '6111002143', '6114000018', '6115000523', '6116000807', '6116001018', '6116001520', '6116001664', '6116002257', '6118002144', '6118002883', '6118003134']"
ROBOTUTOR,141,2018-07-06,16,"['5A23001547', '5A27001649', '5A27002160', '5A28000070', '5A28002602', '6111001802', '6111001842', '6115000499', '6115001475', '6115001650', '6116001780', '6116002060', '6116002564', '6116002816', '6118003290', '6118003419']"
ROBOTUTOR,115,2018-07-13,10,"['5A22001009', '5A23002191', '5A23002701', '5A27001652', '5B20001228', '5B23001060', '6115000377', '6116001756', '6118003077', '6118003207']"
ROBOTUTOR,116,2018-07-13,8,"['5B20001177', '5B20001289', '5B20002032', '6116002653', '6116002729', '6118002470', '6118002617', '6118002675']"
ROBOTUTOR,117,2018-07-13,7,"['5A22000082', '5B20001144', '6109000863', '6112001529', '6116002699', '6116002824', '6118002376']"
ROBOTUTOR,118,2018-07-13,7,"['5B12003328', '5B12004776', '5B20001240', '5B20002013', '6114000085', '6116001542', '6118002290']"
ROBOTUTOR,119,2018-07-13,13,"['5A22001062', '5A27000459', '5B20001182', '6111000054', '6111000157', '6111001097', '6111001632', '6116001036', '6116001560', '6116001586', '6116002602', '6118002689', '6118002845']"
ROBOTUTOR,120,2018-07-13,17,"['5A27001196', '5A27002127', '5A28002152', '5A28002453', '5A29001375', '5B20001381', '5B20001409', '5B20002370', '6112000251', '6115000510', '6115001195', '6116000839', '6116001938', '6116002851', '6118002318', '6118002806', '6118003351']"
ROBOTUTOR,121,2018-07-13,5,"['6109000660', '6111000044', '6111000190', '6116001139', '6118001534']"
ROBOTUTOR,122,2018-07-13,13,"['5A21001111', '5A27001219', '5B12003039', '5B20002248', '6111000647', '6111002047', '6115001506', '6116001035', '6116001096', '6116001338', '6116001710', '6116002212', '6116002591']"
ROBOTUTOR,123,2018-07-13,12,"['5A23001580', '5A23002696', '5A28002483', '5B12002824', '5B12003436', '5B20001410', '6116000795', '6116001140', '6116001592', '6116001929', '6116002586', '6118002238']"
ROBOTUTOR,124,2018-07-13,5,"['5A27001598', '6115002170', '6116000781', '6118002412', '6118002741']"
ROBOTUTOR,125,2018-07-13,13,"['5A28000372', '5B12004661', '5B20001060', '5B20001276', '5B20002002', '5B23001036', '6116000786', '6116001510', '6116001757', '6116002075', '6118001757', '6118002039', '6118002525']"
ROBOTUTOR,126,2018-07-13,5,"['5A23002589', '5A27001464', '5B04000073', '6112001102', '6116002477']"
ROBOTUTOR,127,2018-07-13,18,"['5A27001459', '5A28000305', '5A29000437', '5B04000109', '5B12004601', '5B13002231', '6111001793', '6111002095', '6115000434', '6115001467', '6116001675', '6116001819', '6118002312', '6118002352', '6118003027', '6118003039', '6128000644', '6129001903']"
ROBOTUTOR,128,2018-07-13,21,"['5A27001390', '5A27001575', '5A27001661', '5A27001753', '5A28000952', '5B16000105', '5B20001208', '5B20002274', '6111001083', '6111002085', '6114000811', '6115000564', '6115001103', '6116001672', '6116001681', '6116001715', '6116002094', '6116002524', '6118002451', '6118002639', '6118003046']"
ROBOTUTOR,129,2018-07-13,7,"['5A27002228', '5B20002371', '6111000075', '6111000726', '6115001428', '6116001314', '6118002648']"
ROBOTUTOR,130,2018-07-13,3,"['5A27001932', '6116002085', '6116002546']"
ROBOTUTOR,131,2018-07-13,7,"['5A27001580', '5B12002459', '6109000901', '6111000882', '6116001688', '6116001823', '6118002875']"
ROBOTUTOR,132,2018-07-13,7,"['5A22000957', '5A22001134', '5A27000600', '5B20001267', '6111002082', '6116002787', '6118002866']"
ROBOTUTOR,133,2018-07-13,8,"['5A29000445', '5B20001266', '5B20002348', '5B20002420', '6115001477', '6116001229', '6116002620', '6118001677']"
ROBOTUTOR,134,2018-07-13,3,"['5A29000472', '5B20001324', '6116002196']"
ROBOTUTOR,135,2018-07-13,4,"['5A27001613', '6116002304', '6116002561', '6129001334']"
ROBOTUTOR,136,2018-07-13,2,"['5B20002349', '6118002570']"
ROBOTUTOR,137,2018-07-13,9,"['5A28000872', '6111001715', '6116001232', '6116001335', '6116001956', '6116002451', '6118002520', '6118002680', '6118003303']"
ROBOTUTOR,138,2018-07-13,8,"['5C01001557', '5C03001014', '6115001473', '6116001364', '6116001995', '6118002645', '6118003258', '6130000110']"
ROBOTUTOR,139,2018-07-13,19,"['5A22000485', '5A22001076', '5A27000023', '5A27000621', '5A27001518', '5B04000214', '5B12003451', '5B20001037', '6111001734', '6112000357', '6116001413', '6116001852', '6116001985', '6116002449', '6118001762', '6118002090', '6118002597', '6118002857', '6118003232']"
ROBOTUTOR,140,2018-07-13,7,"['5A23001529', '5A28000400', '5A29000606', '6116001018', '6116001267', '6118002883', '6118003134']"
ROBOTUTOR,141,2018-07-13,10,"['5A23001547', '5A28002602', '6111001802', '6115000499', '6115001475', '6115001650', '6116002060', '6116002816', '6118003290', '6118003419']"
ROBOTUTOR,114,2018-07-20,6,"['5A22000679', '5A27001967', '5A29000653', '6111001995', '6116001034', '6118001647']"
ROBOTUTOR,115,2018-07-20,5,"['5A23002191', '5A23002701', '5B23001060', '6116001756', '6118003077']"
ROBOTUTOR,116,2018-07-20,9,"['5B20001177', '5B20001289', '5B20001977', '5B20002032', '6111001658', '6116001649', '6116002729', '6118001645', '6118002617']"
ROBOTUTOR,117,2018-07-20,10,"['5A27001466', '5A28000198', '5B20001222', '6109000863', '6112001529', '6113000610', '6115000397', '6116001243', '6118001764', '6118002332']"
ROBOTUTOR,118,2018-07-20,3,"['5A29001382', '6115001325', '6116002152']"
ROBOTUTOR,119,2018-07-20,1,['6111000054']
ROBOTUTOR,120,2018-07-20,6,"['5A28002152', '5B20001409', '5B20002370', '6115000510', '6116000839', '6118003610']"
ROBOTUTOR,121,2018-07-20,9,"['6109000660', '6111000190', '6111001754', '6115001358', '6116001139', '6116002510', '6118001689', '6118003109', '6118003165']"
ROBOTUTOR,122,2018-07-20,11,"['5A21001111', '5A22000806', '5A27001416', '5A28001748', '5B12003039', '5B20002248', '6111000647', '6111002047', '6115001506', '6116001096', '6118002311']"
ROBOTUTOR,123,2018-07-20,8,"['5B12003436', '5B20001410', '6116000795', '6116001644', '6116001929', '6116002543', '6118002238', '6118002835']"
ROBOTUTOR,124,2018-07-20,6,"['5A27001907', '6115001616', '6116001014', '6116001725', '6118002275', '6118002412']"
ROBOTUTOR,125,2018-07-20,5,"['5B12004661', '5B23001036', '6116001757', '6116002075', '6118002525']"
ROBOTUTOR,126,2018-07-20,5,"['5A23002589', '5A27001464', '5A28001127', '5B04000073', '6116001964']"
ROBOTUTOR,127,2018-07-20,11,"['5A27001459', '5A29000437', '5B04000109', '5B12004601', '5B13000655', '5B13002231', '6116001675', '6118002352', '6118003027', '6128000644', '6129001903']"
ROBOTUTOR,128,2018-07-20,11,"['5A27001390', '5A27001661', '5A28000952', '5B20002274', '6111001083', '6114000811', '6115000564', '6116001681', '6116002524', '6118002639', '6118003046']"
ROBOTUTOR,129,2018-07-20,3,"['5A27002228', '5B20002371', '6118002648']"
ROBOTUTOR,130,2018-07-20,2,"['5A27001932', '6115000404']"
ROBOTUTOR,131,2018-07-20,3,"['5B12002459', '6111000882', '6113001045']"
ROBOTUTOR,132,2018-07-20,7,"['5A22000957', '5A27000561', '5A27000600', '5A27001906', '5B20001267', '6118002735', '6118002866']"
ROBOTUTOR,133,2018-07-20,5,"['5B20001266', '6116002620', '6118001677', '6118001962', '6118002891']"
ROBOTUTOR,134,2018-07-20,7,"['5A28002324', '5B20001212', '5B20001324', '6116001671', '6116002526', '6118002232', '6118003565']"
ROBOTUTOR,135,2018-07-20,2,"['5A27001613', '6116002304']"
ROBOTUTOR,136,2018-07-20,3,"['5A27000972', '6116000805', '6118002570']"
ROBOTUTOR,137,2018-07-20,3,"['5B23001071', '6116001335', '6118002680']"
ROBOTUTOR,138,2018-07-20,3,"['5C01001557', '6116001624', '6118002645']"
ROBOTUTOR,139,2018-07-20,11,"['5A22000485', '5A27000023', '5A27000621', '5A27001518', '5B04000214', '5B20000601', '6116001985', '6116002582', '6118002090', '6118002857', '6118003232']"
ROBOTUTOR,140,2018-07-20,8,"['5A23001529', '5A29000606', '6115000523', '6116001018', '6116001520', '6116002257', '6118002144', '6118003134']"
ROBOTUTOR,141,2018-07-20,8,"['5A27001649', '5A28000070', '5A28002602', '6111001842', '6116001780', '6116002816', '6118003290', '6118003419']"
ROBOTUTOR,114,2018-07-27,1,['6112000256']
ROBOTUTOR,115,2018-07-27,2,"['5A23002191', '5B23001060']"
ROBOTUTOR,116,2018-07-27,9,"['5A29000767', '5B20001177', '5B20001997', '6111001658', '6111001816', '6115000396', '6116001479', '6118002470', '6118003299']"
ROBOTUTOR,117,2018-07-27,9,"['5A28000198', '5B20001222', '6109000863', '6113000610', '6115000397', '6116001243', '6116002002', '6116002824', '6118001764']"
ROBOTUTOR,118,2018-07-27,5,"['5A29001382', '5B12003105', '5B12003328', '5B20001240', '6115001829']"
ROBOTUTOR,119,2018-07-27,3,"['5A22001062', '6111001097', '6116002081']"
ROBOTUTOR,120,2018-07-27,10,"['5A23002753', '5A27002127', '5A28002453', '5B20001409', '5B20002370', '6112000251', '6115000510', '6115001195', '6118001869', '6118003351']"
ROBOTUTOR,121,2018-07-27,4,"['6111001754', '6116002510', '6118001534', '6118001689']"
ROBOTUTOR,122,2018-07-27,9,"['5A22000806', '5A28001748', '5A28001909', '5B20001363', '6111000647', '6116001338', '6116002212', '6116002591', '6118002311']"
ROBOTUTOR,123,2018-07-27,2,"['6116002484', '6118003053']"
ROBOTUTOR,124,2018-07-27,5,"['5A27001218', '6111001826', '6112001373', '6115002170', '6116001154']"
ROBOTUTOR,125,2018-07-27,6,"['5B12004661', '5B20002002', '6116001510', '6116002075', '6118002525', '6118003513']"
ROBOTUTOR,126,2018-07-27,4,"['5A28001737', '6111001148', '6116001964', '6118002950']"
ROBOTUTOR,127,2018-07-27,11,"['5A29001488', '5B04000109', '5B12004601', '5B13000655', '5B13002231', '6115001467', '6116001675', '6116001819', '6118002352', '6118003027', '6128000644']"
ROBOTUTOR,128,2018-07-27,11,"['5A27000711', '5B20001208', '5B20002274', '6111001083', '6114000811', '6116000976', '6116001681', '6116001715', '6118002451', '6118002639', '6118003046']"
ROBOTUTOR,129,2018-07-27,6,"['5A28000396', '6111000075', '6111000726', '6115001428', '6116001314', '6118002648']"
ROBOTUTOR,130,2018-07-27,1,['6116002085']
ROBOTUTOR,131,2018-07-27,3,"['5A27001262', '5B12002459', '6111000882']"
ROBOTUTOR,132,2018-07-27,1,['5A27001906']
ROBOTUTOR,133,2018-07-27,7,"['5A28001033', '5B12002649', '6116001116', '6116001229', '6116001777', '6118001662', '6118002891']"
ROBOTUTOR,134,2018-07-27,3,"['5A28000383', '5B20001324', '6118002870']"
ROBOTUTOR,135,2018-07-27,3,"['5A27000526', '5A27001613', '6116002561']"
ROBOTUTOR,136,2018-07-27,4,"['5A27000972', '6116000805', '6118001705', '6118002570']"
ROBOTUTOR,137,2018-07-27,3,"['6111001752', '6116001232', '6116001956']"
ROBOTUTOR,138,2018-07-27,1,['5A27001560']
ROBOTUTOR,139,2018-07-27,11,"['5A22000485', '5A22001076', '5A27000621', '5B04000214', '5B12003451', '5B20001037', '6116001852', '6116001985', '6118002857', '6118003232', '6129001065']"
ROBOTUTOR,140,2018-07-27,9,"['6111002143', '6115000523', '6115001412', '6116000807', '6116001267', '6116002257', '6118002144', '6118002883', '6118003134']"
ROBOTUTOR,141,2018-07-27,7,"['5A23001547', '5A27001649', '5A28000070', '6111001802', '6115001475', '6116002060', '6118002470']"
ROBOTUTOR,114,2018-08-03,1,['5A29000622']
ROBOTUTOR,115,2018-08-03,4,"['5A22001009', '5A23002191', '6112001107', '6118002784']"
ROBOTUTOR,116,2018-08-03,6,"['5B20001177', '5B20001977', '5B20002032', '6111001658', '6111001816', '6116001479']"
ROBOTUTOR,117,2018-08-03,4,"['5A28000198', '6109000863', '6113000610', '6116002699']"
ROBOTUTOR,118,2018-08-03,6,"['6116001373', '6116001493', '6116001542', '6116002152', '6116002497', '6118002290']"
ROBOTUTOR,119,2018-08-03,5,"['5A27000459', '6111000054', '6111001097', '6116001560', '6116002602']"
ROBOTUTOR,121,2018-08-03,8,"['5B20002310', '6109000660', '6111001754', '6115001358', '6116001139', '6116002510', '6118002829', '6118002839']"
ROBOTUTOR,122,2018-08-03,8,"['5A21001111', '5A27001416', '5B20001363', '5B20002248', '6111002047', '6116001338', '6116001710', '6116002212']"
ROBOTUTOR,123,2018-08-03,7,"['5A23001580', '5B20001908', '6115001552', '6116001592', '6118002238', '6118003053', '6130000195']"
ROBOTUTOR,124,2018-08-03,5,"['5A27001218', '6111001826', '6116001014', '6118002275', '6118003534']"
ROBOTUTOR,125,2018-08-03,1,['5B12004661']
ROBOTUTOR,126,2018-08-03,3,"['5A28001737', '6116001964', '6118002950']"
ROBOTUTOR,127,2018-08-03,8,"['5A27001459', '5A28000305', '5B12004601', '6116001819', '6118002312', '6118002352', '6118003027', '6128000644']"
ROBOTUTOR,128,2018-08-03,10,"['5A27001390', '5A28000952', '5B16000105', '5B20001208', '5B20002274', '6114000811', '6116001848', '6116002524', '6118002451', '6118003046']"
ROBOTUTOR,129,2018-08-03,9,"['5A27002228', '5A28000396', '5B20002371', '6111000075', '6111000726', '6115001428', '6116001314', '6116002512', '6118002648']"
ROBOTUTOR,130,2018-08-03,3,"['6115000404', '6116002270', '6116002546']"
ROBOTUTOR,131,2018-08-03,4,"['5B12002459', '6109000901', '6111000882', '6113001045']"
ROBOTUTOR,132,2018-08-03,5,"['5A22000957', '5B20001267', '6115002167', '6116002251', '6116002787']"
ROBOTUTOR,133,2018-08-03,6,"['5A27001460', '6115001477', '6116002525', '6118001677', '6118001962', '6118002891']"
ROBOTUTOR,134,2018-08-03,8,"['5B20001212', '5B20001298', '6115001489', '6116001671', '6116002196', '6116002623', '6118002232', '6118003300']"
ROBOTUTOR,135,2018-08-03,1,['6116002304']
ROBOTUTOR,136,2018-08-03,1,['5A27000972']
ROBOTUTOR,137,2018-08-03,4,"['5B23001071', '6111001715', '6116001335', '6118002680']"
ROBOTUTOR,138,2018-08-03,4,"['5A27001560', '5C03001014', '6118003258', '6130000110']"
ROBOTUTOR,139,2018-08-03,9,"['5A22000485', '5A22001076', '5B04000214', '5B20000601', '6112000357', '6116001413', '6116001985', '6116002449', '6118002597']"
ROBOTUTOR,140,2018-08-03,9,"['6111002143', '6115000523', '6116000807', '6116001520', '6116001664', '6116001778', '6116002257', '6118002883', '6118003134']"
ROBOTUTOR,141,2018-08-03,8,"['5A23001547', '5A27001649', '5A28000070', '6115001475', '6116001780', '6116002564', '6116002816', '6118003419']"
ROBOTUTOR,115,2018-08-10,6,"['5A22001009', '5A29000683', '6115000377', '6116001756', '6118002784', '6118003207']"
ROBOTUTOR,116,2018-08-10,8,"['5B20001997', '6111001042', '6115000396', '6116001479', '6116001649', '6118002617', '6118002675', '6118003299']"
ROBOTUTOR,117,2018-08-10,4,"['5A27001436', '5A28000198', '6113000610', '6116001673']"
ROBOTUTOR,118,2018-08-10,1,['6116001542']
ROBOTUTOR,119,2018-08-10,8,"['5A22001062', '5A27000459', '6111000054', '6111001097', '6114000059', '6116001560', '6116002602', '6118002106']"
ROBOTUTOR,120,2018-08-10,13,"['5A23002753', '5A27002127', '5A28002152', '5A28002453', '5A29001375', '5B20001409', '5B20002370', '6115001195', '6116002851', '6118001869', '6118002318', '6118003351', '6118003610']"
ROBOTUTOR,121,2018-08-10,2,"['6111001491', '6118003109']"
ROBOTUTOR,122,2018-08-10,8,"['5A27001416', '5B20001363', '5B20002248', '6115001331', '6115001506', '6116001035', '6116001710', '6116002212']"
ROBOTUTOR,123,2018-08-10,4,"['5B12002824', '6116001592', '6116001644', '6130000195']"
ROBOTUTOR,124,2018-08-10,6,"['5A22001152', '5A27001218', '5B23001012', '6115001616', '6116001154', '6116002577']"
ROBOTUTOR,125,2018-08-10,7,"['5B12004661', '5B20001060', '5B20002002', '6116001510', '6116002075', '6118001757', '6118002525']"
ROBOTUTOR,126,2018-08-10,4,"['5A28001127', '6112000112', '6116001964', '6116002150']"
ROBOTUTOR,127,2018-08-10,7,"['5A27001459', '5A29000437', '5B12004601', '6111001793', '6118002352', '6118003027', '6128000644']"
ROBOTUTOR,128,2018-08-10,8,"['5B16000105', '5B20002274', '5C03000328', '6116000976', '6116001715', '6116001848', '6116002094', '6116002524']"
ROBOTUTOR,129,2018-08-10,6,"['5A28000396', '5B20001235', '6109001476', '6111000075', '6111002030', '6118002300']"
ROBOTUTOR,130,2018-08-10,1,['6116002546']
ROBOTUTOR,131,2018-08-10,2,"['6111000882', '6116001688']"
ROBOTUTOR,132,2018-08-10,4,"['5A27000561', '5A27001906', '6118002735', '6129001885']"
ROBOTUTOR,133,2018-08-10,5,"['5B20001266', '6116002620', '6118001677', '6118001962', '6118002891']"
ROBOTUTOR,134,2018-08-10,7,"['5B20001212', '6115001489', '6116000925', '6116001671', '6116002196', '6116002623', '6118002232']"
ROBOTUTOR,135,2018-08-10,2,"['5A27001613', '6129001334']"
ROBOTUTOR,136,2018-08-10,1,['6116000805']
ROBOTUTOR,137,2018-08-10,4,"['6111001752', '6116001335', '6116001956', '6118002520']"
ROBOTUTOR,138,2018-08-10,5,"['5C01001557', '5C03001014', '6116001995', '6118003258', '6130000110']"
ROBOTUTOR,139,2018-08-10,7,"['5A27000621', '5B12003451', '6112000357', '6116001852', '6118002090', '6118002597', '6118003180']"
ROBOTUTOR,140,2018-08-10,7,"['5A27001612', '5A29000606', '6111002143', '6115000523', '6116001520', '6116002257', '6116002628']"
ROBOTUTOR,141,2018-08-10,9,"['5A23001547', '5A27001649', '5A27002160', '5A28002602', '6115001475', '6116001770', '6116001780', '6116002060', '6118003419']"
ROBOTUTOR,114,2018-08-17,2,"['5A27001967', '6112000256']"
ROBOTUTOR,116,2018-08-17,2,"['6111001042', '6118002617']"
ROBOTUTOR,117,2018-08-17,5,"['5A28000198', '6116001243', '6116001673', '6116002002', '6118002332']"
ROBOTUTOR,118,2018-08-17,4,"['5B20001240', '6116001373', '6116002152', '6118002290']"
ROBOTUTOR,119,2018-08-17,5,"['6111000054', '6111001097', '6116001560', '6116002602', '6118002689']"
ROBOTUTOR,120,2018-08-17,6,"['5A27002127', '5B20001381', '5B20001409', '5B20002370', '6118002806', '6118003610']"
ROBOTUTOR,121,2018-08-17,1,['6118001689']
ROBOTUTOR,122,2018-08-17,5,"['5B20001363', '6111001011', '6116002212', '6116002591', '6118002311']"
ROBOTUTOR,123,2018-08-17,6,"['5B12003436', '5B20001410', '6115001552', '6116001644', '6118002238', '6118003053']"
ROBOTUTOR,124,2018-08-17,3,"['6112001373', '6116001725', '6118003534']"
ROBOTUTOR,125,2018-08-17,6,"['5B12004661', '6116001510', '6116001757', '6116002075', '6118001757', '6118002525']"
ROBOTUTOR,126,2018-08-17,6,"['5A28001127', '5A28001737', '6111001148', '6112000112', '6112001102', '6116002477']"
ROBOTUTOR,127,2018-08-17,5,"['5A29001488', '5B12004601', '5B13000655', '6111002095', '6118002352']"
ROBOTUTOR,128,2018-08-17,5,"['5B20001208', '5B20002274', '5C03000328', '6116002524', '6118002451']"
ROBOTUTOR,129,2018-08-17,8,"['5B20001235', '6109001476', '6111000075', '6111002030', '6115001428', '6116001314', '6118002300', '6118002648']"
ROBOTUTOR,132,2018-08-17,4,"['5A22000957', '5B20001267', '6116002112', '6116002251']"
ROBOTUTOR,133,2018-08-17,4,"['5A29000445', '5B20001266', '6115001477', '6118002891']"
ROBOTUTOR,134,2018-08-17,7,"['5A29000472', '5B20001212', '6116002196', '6116002526', '6118002870', '6118003300', '6118003565']"
ROBOTUTOR,136,2018-08-17,2,"['5B20002349', '6118002570']"
ROBOTUTOR,137,2018-08-17,1,['5A28000872']
ROBOTUTOR,138,2018-08-17,2,"['5C03001014', '6116001624']"
ROBOTUTOR,139,2018-08-17,7,"['5A22000485', '5A22001076', '5B04000214', '5B12003089', '6112000357', '6116002449', '6118002597']"
ROBOTUTOR,140,2018-08-17,7,"['6115000523', '6116001778', '6116002086', '6116002257', '6116002628', '6118003134', '6129001284']"
ROBOTUTOR,141,2018-08-17,9,"['5A23001547', '5A27001649', '5A28002602', '6111001842', '6115001650', '6116001770', '6116001780', '6116002564', '6118003290']"
ROBOTUTOR,115,2018-08-24,2,"['5A23002701', '6118002784']"
ROBOTUTOR,116,2018-08-24,2,"['6111001042', '6118001645']"
ROBOTUTOR,118,2018-08-24,3,"['5B12003105', '5B20001240', '6116002152']"
ROBOTUTOR,119,2018-08-24,2,"['6111000157', '6116002602']"
ROBOTUTOR,120,2018-08-24,6,"['5B20001381', '5B20001409', '5B20002370', '6115001195', '6118003351', '6118003610']"
ROBOTUTOR,121,2018-08-24,2,"['5B12002189', '6111001754']"
ROBOTUTOR,122,2018-08-24,5,"['5A28001748', '5A28001909', '6111001011', '6115001506', '6118002311']"
ROBOTUTOR,123,2018-08-24,9,"['5B12002824', '5B20001410', '6116001140', '6116001644', '6116001929', '6116002484', '6116002543', '6118002835', '6130000195']"
ROBOTUTOR,124,2018-08-24,3,"['5A27001598', '5B23001012', '6118002275']"
ROBOTUTOR,125,2018-08-24,4,"['5B12004661', '5B23001036', '6118002525', '6118002986']"
ROBOTUTOR,126,2018-08-24,2,"['5A27001464', '6112000112']"
ROBOTUTOR,127,2018-08-24,8,"['5B12004601', '5B13002231', '5B20001159', '6115000434', '6118002312', '6118002352', '6118003039', '6129001903']"
ROBOTUTOR,128,2018-08-24,13,"['5A27001575', '5A27001753', '5B20002274', '5C03000328', '6111001083', '6114000811', '6116000976', '6116001715', '6116001848', '6116002524', '6116002652', '6118002576', '6118002639']"
ROBOTUTOR,129,2018-08-24,3,"['6111000726', '6111002030', '6118002300']"
ROBOTUTOR,131,2018-08-24,3,"['6113001045', '6116001688', '6118002875']"
ROBOTUTOR,132,2018-08-24,1,['5B20001267']
ROBOTUTOR,133,2018-08-24,4,"['5B12002649', '6116001229', '6116001777', '6118001662']"
ROBOTUTOR,134,2018-08-24,6,"['5A28000383', '6116002196', '6116002526', '6116002623', '6118003300', '6118003565']"
ROBOTUTOR,136,2018-08-24,3,"['5A27000972', '6116000805', '6118002570']"
ROBOTUTOR,137,2018-08-24,3,"['5A28000872', '6116001335', '6118002680']"
ROBOTUTOR,138,2018-08-24,2,"['5A27001560', '5C03001014']"
ROBOTUTOR,139,2018-08-24,10,"['5B12003089', '5B12003451', '5B13001188', '5B20000601', '6112000357', '6116001413', '6116001852', '6116002449', '6116002582', '6118002857']"
ROBOTUTOR,140,2018-08-24,10,"['5A23001529', '5A29000606', '5A29000947', '6111002143', '6115000523', '6116001520', '6116002086', '6116002257', '6129001273', '6129001284']"
ROBOTUTOR,141,2018-08-24,3,"['5A28000070', '6118003290', '6118003419']"
ROBOTUTOR,114,2018-08-31,3,"['5A29000622', '6111001995', '6118003400']"
ROBOTUTOR,115,2018-08-31,3,"['5A22001009', '5B23001060', '6118003207']"
ROBOTUTOR,116,2018-08-31,2,"['6115000396', '6116001649']"
ROBOTUTOR,117,2018-08-31,7,"['5A28000198', '5B20001222', '6112001529', '6115000397', '6116002002', '6118001764', '6118002332']"
ROBOTUTOR,118,2018-08-31,3,"['5B12004776', '5B20001240', '6116002152']"
ROBOTUTOR,119,2018-08-31,5,"['5A22001062', '6111000054', '6114000059', '6116001560', '6116002602']"
ROBOTUTOR,121,2018-08-31,10,"['5A27001307', '6109000660', '6111001491', '6111001754', '6115001358', '6116002510', '6118001689', '6118002839', '6118003060', '6118003109']"
ROBOTUTOR,122,2018-08-31,6,"['5A28001748', '5B20001363', '6111001011', '6111002047', '6116001338', '6118002311']"
ROBOTUTOR,123,2018-08-31,6,"['5A23002696', '5B20001410', '6115001552', '6116001140', '6116002586', '6118003053']"
ROBOTUTOR,124,2018-08-31,6,"['5A22001152', '5A27001218', '5A27001598', '5A27001907', '5A28001121', '6116001154']"
ROBOTUTOR,125,2018-08-31,6,"['5B12004661', '5B20001060', '6116001512', '6116001757', '6118002525', '6118003513']"
ROBOTUTOR,127,2018-08-31,9,"['5B12004601', '5B13002231', '6115000434', '6116001675', '6116001819', '6118002312', '6118003039', '6128000644', '6129001903']"
ROBOTUTOR,128,2018-08-31,13,"['5A27001575', '5A28000952', '5B20002274', '5C03000328', '6111001083', '6111002085', '6115000564', '6116000976', '6116001715', '6116002652', '6118002451', '6118002576', '6118002639']"
ROBOTUTOR,129,2018-08-31,4,"['6111000726', '6115001428', '6116001314', '6118002300']"
ROBOTUTOR,130,2018-08-31,1,['6115000404']
ROBOTUTOR,131,2018-08-31,1,['6116001688']
ROBOTUTOR,132,2018-08-31,2,"['6111002082', '6116002251']"
ROBOTUTOR,133,2018-08-31,9,"['5A29000445', '6116001229', '6116001392', '6116001777', '6116002525', '6116002620', '6118001677', '6118001962', '6118003265']"
ROBOTUTOR,134,2018-08-31,2,"['6115001489', '6118003300']"
ROBOTUTOR,135,2018-08-31,2,"['6116002304', '6129001334']"
ROBOTUTOR,137,2018-08-31,5,"['5A28000872', '5B20001354', '6116002451', '6118002680', '6118002987']"
ROBOTUTOR,138,2018-08-31,3,"['5C03001014', '6118003258', '6130000110']"
ROBOTUTOR,139,2018-08-31,4,"['5A22001076', '5A27000023', '5A27000621', '6116001985']"
ROBOTUTOR,140,2018-08-31,5,"['5A27001612', '5A29000947', '6116001018', '6118002883', '6129001273']"
ROBOTUTOR,141,2018-08-31,8,"['5A23001547', '5A27001649', '5A28002602', '6111001842', '6115001475', '6115001650', '6116002816', '6118003290']"
ROBOTUTOR,114,2018-09-07,1,['6112000256']
ROBOTUTOR,115,2018-09-07,2,"['5A22001009', '6118002784']"
ROBOTUTOR,116,2018-09-07,2,"['5B20001289', '6111001658']"
ROBOTUTOR,117,2018-09-07,4,"['5A27001436', '5A27002171', '6118002332', '6118002376']"
ROBOTUTOR,118,2018-09-07,3,"['5B12003328', '5B12004776', '6116001542']"
ROBOTUTOR,119,2018-09-07,13,"['5A22001062', '5B20001182', '6111000054', '6111001632', '6114000059', '6116001036', '6116001560', '6116001586', '6116002081', '6116002602', '6118002106', '6118002689', '6118002845']"
ROBOTUTOR,120,2018-09-07,8,"['5A23002753', '5A27002127', '5B20001381', '5B20002370', '6116001938', '6118001869', '6118003351', '6118003610']"
ROBOTUTOR,121,2018-09-07,4,"['6109000660', '6118002829', '6118003060', '6118003109']"
ROBOTUTOR,122,2018-09-07,3,"['5B20001363', '6111001011', '6111002047']"
ROBOTUTOR,123,2018-09-07,5,"['5B20001908', '6116001592', '6118003053', '6129002307', '6130000195']"
ROBOTUTOR,124,2018-09-07,4,"['5A27001907', '6115001616', '6116001725', '6118003534']"
ROBOTUTOR,125,2018-09-07,10,"['5A22000709', '5B12004661', '5B20001060', '6116001510', '6116001512', '6116001757', '6116002075', '6116002308', '6118002525', '6118002986']"
ROBOTUTOR,126,2018-09-07,3,"['5A28001127', '6111000929', '6118002285']"
ROBOTUTOR,127,2018-09-07,8,"['5A28000305', '5B12004601', '5B13000655', '6111001793', '6115000434', '6118002352', '6128000644', '6129001903']"
ROBOTUTOR,128,2018-09-07,17,"['5A27000711', '5A27001390', '5A27001575', '5A28000952', '5B20002274', '5C03000328', '6111001083', '6115000564', '6116000976', '6116001672', '6116001715', '6116001848', '6116002524', '6116002652', '6118002451', '6118002576', '6118002639']"
ROBOTUTOR,129,2018-09-07,5,"['5B20001235', '6111000075', '6115001222', '6115001428', '6118002982']"
ROBOTUTOR,130,2018-09-07,1,['6115000404']
ROBOTUTOR,131,2018-09-07,3,"['5A27001262', '6118001663', '6118002875']"
ROBOTUTOR,132,2018-09-07,4,"['5A27000561', '5A27000600', '5A27001906', '6115002167']"
ROBOTUTOR,133,2018-09-07,3,"['6116001229', '6116001777', '6118002891']"
ROBOTUTOR,134,2018-09-07,1,['6116002308']
ROBOTUTOR,136,2018-09-07,1,['6118001705']
ROBOTUTOR,137,2018-09-07,1,['6118002520']
ROBOTUTOR,138,2018-09-07,4,"['5C03001014', '6116001364', '6116001624', '6116001995']"
ROBOTUTOR,139,2018-09-07,7,"['5A27000621', '5A27001518', '5B12003089', '6116001413', '6116001985', '6116002449', '6118002090']"
ROBOTUTOR,140,2018-09-07,8,"['6115000523', '6116001018', '6116001520', '6116002257', '6116002628', '6118002144', '6118003134', '6129001273']"
ROBOTUTOR,141,2018-09-07,10,"['5A23001547', '5A28000070', '5A28002602', '6115001475', '6115001650', '6116001114', '6116001770', '6116002816', '6118003620', '6128001379']"
ROBOTUTOR,114,2018-09-14,2,"['5A29000622', '6118001647']"
ROBOTUTOR,115,2018-09-14,5,"['5A23002191', '5A23002701', '5A27001652', '5B20001228', '6116001756']"
ROBOTUTOR,116,2018-09-14,5,"['5B20001177', '5B20001997', '6116001649', '6118001645', '6118003299']"
ROBOTUTOR,118,2018-09-14,1,['5B20001240']
ROBOTUTOR,119,2018-09-14,6,"['5A22001062', '6111001632', '6116001036', '6116001560', '6118002106', '6118002845']"
ROBOTUTOR,120,2018-09-14,4,"['5B20002370', '6115001195', '6118003351', '6118003610']"
ROBOTUTOR,121,2018-09-14,5,"['5B12002189', '6116001139', '6116002510', '6118001534', '6118002829']"
ROBOTUTOR,122,2018-09-14,5,"['5A27001219', '5B20001363', '6111002047', '6115001331', '6116001338']"
ROBOTUTOR,123,2018-09-14,6,"['5A27001075', '5A29000335', '5B12003436', '6116001140', '6116002543', '6118003053']"
ROBOTUTOR,124,2018-09-14,2,"['6112001373', '6116000781']"
ROBOTUTOR,125,2018-09-14,12,"['5A22000709', '5B12004661', '5B20001060', '6116000786', '6116001510', '6116001512', '6116001757', '6116002075', '6116002308', '6118002525', '6118002986', '6118003513']"
ROBOTUTOR,126,2018-09-14,5,"['5A27001464', '5A28001127', '6111000929', '6111001148', '6116002477']"
ROBOTUTOR,127,2018-09-14,7,"['5A27001459', '5A29001488', '5B12004601', '5B20001159', '6118002312', '6118003027', '6129001903']"
ROBOTUTOR,128,2018-09-14,9,"['5A27000711', '5A27001753', '5B20001208', '6111001083', '6115000564', '6116001672', '6116002514', '6118002576', '6118002639']"
ROBOTUTOR,129,2018-09-14,7,"['5B20001235', '6111000075', '6111002030', '6115001222', '6115001428', '6118002379', '6118002982']"
ROBOTUTOR,130,2018-09-14,2,"['6116002085', '6116002270']"
ROBOTUTOR,131,2018-09-14,4,"['6109000901', '6111000882', '6113001045', '6116001823']"
ROBOTUTOR,132,2018-09-14,1,['6116002251']
ROBOTUTOR,133,2018-09-14,3,"['6116001116', '6118001662', '6118001677']"
ROBOTUTOR,134,2018-09-14,3,"['5A28000383', '6116002196', '6116002623']"
ROBOTUTOR,135,2018-09-14,2,"['6116001553', '6116002561']"
ROBOTUTOR,137,2018-09-14,3,"['6111001752', '6116001335', '6118002987']"
ROBOTUTOR,138,2018-09-14,3,"['5C03001014', '6115001473', '6118002645']"
ROBOTUTOR,139,2018-09-14,11,"['5B04000214', '5B12003089', '5B12003451', '5B13001188', '6112000357', '6116001852', '6116001985', '6116002449', '6118002090', '6118002857', '6118003232']"
ROBOTUTOR,140,2018-09-14,11,"['5A21001028', '5A23001529', '6115000523', '6116001454', '6116001778', '6116002086', '6116002257', '6118002144', '6118002883', '6129001273', '6129001284']"
ROBOTUTOR,141,2018-09-14,5,"['5A23001547', '5A27002160', '5A28000070', '6118003419', '6118003620']"
ROBOTUTOR,114,2018-10-19,1,['5A29000622']
ROBOTUTOR,115,2018-10-19,3,"['5A22001009', '5A27001652', '5B20001228']"
ROBOTUTOR,116,2018-10-19,2,"['5B20001997', '6111001042']"
ROBOTUTOR,117,2018-10-19,2,"['5B20001144', '6113000799']"
ROBOTUTOR,118,2018-10-19,5,"['5B12003328', '6113000632', '6115001829', '6116001493', '6116001542']"
ROBOTUTOR,119,2018-10-19,4,"['5A22001062', '6114000059', '6118002106', '6118002845']"
ROBOTUTOR,120,2018-10-19,5,"['5A27002127', '5B20002370', '6112000251', '6116001938', '6118003351']"
ROBOTUTOR,121,2018-10-19,2,"['5A27001307', '6111001821']"
ROBOTUTOR,122,2018-10-19,7,"['5A27001219', '5A29001242', '5B20001363', '6116001025', '6116001215', '6118001574', '6126000735']"
ROBOTUTOR,123,2018-10-19,3,"['5B20001908', '6115001552', '6116002543']"
ROBOTUTOR,124,2018-10-19,2,"['6115002170', '6118002741']"
ROBOTUTOR,125,2018-10-19,8,"['5A29000538', '5B12004661', '6116001510', '6116001512', '6116002159', '6116002308', '6118002525', '6128001083']"
ROBOTUTOR,126,2018-10-19,4,"['5A29000739', '6112000112', '6116002647', '6118003594']"
ROBOTUTOR,127,2018-10-19,5,"['5A27001459', '5B20001159', '6118002352', '6118003027', '6128000644']"
ROBOTUTOR,128,2018-10-19,11,"['5A27000711', '5A27001390', '5B16000105', '6111002085', '6115000564', '6116001355', '6116001672', '6116002514', '6118002451', '6118002576', '6118002639']"
ROBOTUTOR,129,2018-10-19,3,"['5B20001235', '6111000726', '6118002982']"
ROBOTUTOR,130,2018-10-19,1,['6116002085']
ROBOTUTOR,131,2018-10-19,1,['6116001823']
ROBOTUTOR,132,2018-10-19,2,"['5A27000561', '6115002167']"
ROBOTUTOR,133,2018-10-19,1,['6116001116']
ROBOTUTOR,134,2018-10-19,2,"['6116002623', '6118003300']"
ROBOTUTOR,137,2018-10-19,1,['6111001715']
ROBOTUTOR,138,2018-10-19,6,"['5A27001560', '5C01001557', '5C03001014', '6116001624', '6118003258', '6130000110']"
ROBOTUTOR,139,2018-10-19,6,"['5A27000434', '5A27000621', '5B20000601', '6116001598', '6116002449', '6118003232']"
ROBOTUTOR,140,2018-10-19,7,"['5A21001028', '5A27001467', '6115000523', '6116001018', '6118002623', '6118002883', '6129001273']"
ROBOTUTOR,141,2018-10-19,4,"['5A27001649', '5A28002602', '6116002564', '6128001379']"
ROBOTUTOR,114,2018-10-26,1,['6111001995']
ROBOTUTOR,115,2018-10-26,1,['6118003077']
ROBOTUTOR,116,2018-10-26,1,['6116001479']
ROBOTUTOR,117,2018-10-26,3,"['6113000799', '6116001243', '6118002995']"
ROBOTUTOR,118,2018-10-26,3,"['5B12003328', '6113000632', '6115001829']"
ROBOTUTOR,119,2018-10-26,2,"['6111000157', '6111001097']"
ROBOTUTOR,120,2018-10-26,8,"['5B20001409', '5B20002370', '6112000251', '6114000067', '6116001805', '6116001938', '6118002806', '6118003351']"
ROBOTUTOR,121,2018-10-26,3,"['6111001754', '6115001358', '6116001923']"
ROBOTUTOR,122,2018-10-26,4,"['5A29001242', '6111002047', '6116001922', '6126000735']"
ROBOTUTOR,123,2018-10-26,1,['6116001140']
ROBOTUTOR,124,2018-10-26,2,"['6116001154', '6116002577']"
ROBOTUTOR,125,2018-10-26,6,"['5A29000538', '5B12004661', '6116002308', '6118002525', '6118003513', '6128001083']"
ROBOTUTOR,126,2018-10-26,2,"['6111000929', '6118002285']"
ROBOTUTOR,127,2018-10-26,8,"['5B12004601', '5B13000655', '5B20001159', '6115000434', '6118002312', '6118002465', '6118003027', '6128000644']"
ROBOTUTOR,128,2018-10-26,12,"['5A27000711', '5A27001575', '5A28000952', '5B20001208', '5C03000328', '6111002085', '6116001715', '6116002514', '6116002652', '6118001647', '6118002576', '6118002639']"
ROBOTUTOR,130,2018-10-26,1,['6115000404']
ROBOTUTOR,131,2018-10-26,1,['6116001823']
ROBOTUTOR,132,2018-10-26,1,['5B20001267']
ROBOTUTOR,133,2018-10-26,7,"['5A29000445', '6115001477', '6116001229', '6116002620', '6118001677', '6118001962', '6118002891']"
ROBOTUTOR,134,2018-10-26,3,"['5A27000475', '5A29000472', '6118003300']"
ROBOTUTOR,135,2018-10-26,2,"['6116001553', '6116002304']"
ROBOTUTOR,136,2018-10-26,1,['6116000805']
ROBOTUTOR,137,2018-10-26,2,"['6111001715', '6118002043']"
ROBOTUTOR,138,2018-10-26,1,['6115001473']
ROBOTUTOR,139,2018-10-26,5,"['5B13001188', '5B20000601', '6112000357', '6115001518', '6116002449']"
ROBOTUTOR,140,2018-10-26,6,"['5A27001467', '5A29000606', '5B20001173', '6116002086', '6118002631', '6118002883']"
ROBOTUTOR,141,2018-10-26,7,"['5A27001649', '6111001802', '6115001475', '6116001770', '6116002564', '6116002816', '6128001379']"
ROBOTUTOR,114,2018-11-02,2,"['5A29000653', '6116001034']"
ROBOTUTOR,115,2018-11-02,4,"['5A22001009', '5A27001652', '6116001756', '6118003207']"
ROBOTUTOR,116,2018-11-02,2,"['6115000396', '6118003299']"
ROBOTUTOR,117,2018-11-02,3,"['5B20001144', '6113000799', '6116002699']"
ROBOTUTOR,118,2018-11-02,5,"['5B12003328', '6113000632', '6114000085', '6116001493', '6126000252']"
ROBOTUTOR,119,2018-11-02,2,"['6116001560', '6116002081']"
ROBOTUTOR,120,2018-11-02,6,"['5A27002127', '5A28002152', '5B20001409', '5B20002370', '6118003351', '6118003610']"
ROBOTUTOR,121,2018-11-02,3,"['6111001491', '6116001923', '6118002829']"
ROBOTUTOR,122,2018-11-02,5,"['5A29001242', '5B20001363', '5B20001950', '6111002047', '6116001025']"
ROBOTUTOR,123,2018-11-02,5,"['5B12002824', '5B20001410', '5B20001908', '6116001592', '6130000195']"
ROBOTUTOR,124,2018-11-02,2,"['6118002275', '6118003534']"
ROBOTUTOR,125,2018-11-02,9,"['5B12004661', '5B20001060', '6116001510', '6116002075', '6116002308', '6118002525', '6118002986', '6118003513', '6128001083']"
ROBOTUTOR,126,2018-11-02,2,"['6112000112', '6118003594']"
ROBOTUTOR,127,2018-11-02,8,"['5B13000655', '5B13001164', '5B13002231', '6111001793', '6111002095', '6115000434', '6118002312', '6118002618']"
ROBOTUTOR,128,2018-11-02,9,"['5A27001390', '5A27001575', '5A28000952', '5B16000105', '5C03000328', '6111001083', '6111002085', '6116001672', '6116002652']"
ROBOTUTOR,129,2018-11-02,5,"['5A22001012', '5B13000999', '6111002030', '6115001428', '6118002982']"
ROBOTUTOR,130,2018-11-02,1,['5B19000945']
ROBOTUTOR,131,2018-11-02,4,"['5A28002440', '5B12002459', '6109000901', '6116001823']"
ROBOTUTOR,133,2018-11-02,5,"['5A27001460', '6116001777', '6116002525', '6118001677', '6118001962']"
ROBOTUTOR,134,2018-11-02,3,"['5A28000383', '6116002196', '6118003300']"
ROBOTUTOR,135,2018-11-02,5,"['5A27000526', '5A27001613', '6116002304', '6116002561', '6129001334']"
ROBOTUTOR,136,2018-11-02,2,"['6116000805', '6118001705']"
ROBOTUTOR,137,2018-11-02,1,['6118002043']
ROBOTUTOR,138,2018-11-02,5,"['5A27001560', '5C03001014', '6115001473', '6116001364', '6118003258']"
ROBOTUTOR,139,2018-11-02,7,"['5A27000434', '5B04000214', '5B13001188', '6112000357', '6115001518', '6118002090', '6118002597']"
ROBOTUTOR,140,2018-11-02,9,"['5A21001028', '5A23001529', '5A27001467', '5B20001173', '6115000523', '6116002086', '6118002623', '6118002883', '6129001284']"
ROBOTUTOR,141,2018-11-02,6,"['5A28000070', '5A28000194', '6111002113', '6116001527', '6118003419', '6129002158']"
ROBOTUTOR,114,2018-11-09,2,"['6112000256', '6118001647']"
ROBOTUTOR,115,2018-11-09,5,"['5A23002191', '5A29000683', '5B20001228', '5B23001060', '6116001756']"
ROBOTUTOR,117,2018-11-09,1,['5B13002111']
ROBOTUTOR,118,2018-11-09,2,"['5A29001382', '5B13001533']"
ROBOTUTOR,119,2018-11-09,1,['6111000054']
ROBOTUTOR,120,2018-11-09,7,"['5A27001196', '5A28002152', '5A29001411', '5B20001409', '5B20002370', '6114000067', '6118001869']"
ROBOTUTOR,121,2018-11-09,1,['6116001923']
ROBOTUTOR,122,2018-11-09,4,"['6116001025', '6116001215', '6116001922', '6126000735']"
ROBOTUTOR,123,2018-11-09,1,['6116001140']
ROBOTUTOR,125,2018-11-09,8,"['5A29000538', '6116001510', '6116002075', '6116002308', '6118002525', '6118002986', '6118003513', '6128001083']"
ROBOTUTOR,126,2018-11-09,3,"['6111001148', '6116002150', '6116002647']"
ROBOTUTOR,127,2018-11-09,11,"['5A29001488', '5B04000109', '5B12004601', '5B13002216', '6115001467', '6116001675', '6116001819', '6118002114', '6118002352', '6118002618', '6128000644']"
ROBOTUTOR,128,2018-11-09,9,"['5A27000711', '5A27001575', '5B16000105', '5C03000328', '6116001672', '6116001715', '6116002514', '6116002652', '6118002576']"
ROBOTUTOR,129,2018-11-09,4,"['5B13000999', '5B20002371', '6115001428', '6118002379']"
ROBOTUTOR,130,2018-11-09,3,"['5B19000945', '6116000854', '6118001589']"
ROBOTUTOR,132,2018-11-09,1,['6118002866']
ROBOTUTOR,133,2018-11-09,4,"['5A28001033', '5B20001266', '6116001229', '6116002525']"
ROBOTUTOR,134,2018-11-09,3,"['6116000925', '6116002623', '6118003300']"
ROBOTUTOR,135,2018-11-09,2,"['5A27000526', '6116002561']"
ROBOTUTOR,136,2018-11-09,1,['5A27000972']
ROBOTUTOR,137,2018-11-09,4,"['5B12002990', '6116002500', '6118002987', '6130000141']"
ROBOTUTOR,138,2018-11-09,2,"['5C03001014', '6118002645']"
ROBOTUTOR,139,2018-11-09,5,"['5A22001076', '5A27000621', '6116001413', '6116001598', '6118002263']"
ROBOTUTOR,140,2018-11-09,2,"['5A27001467', '6129001273']"
ROBOTUTOR,141,2018-11-09,5,"['5A28000070', '5A28000194', '6111002113', '6116001770', '6118002216']"
ROBOTUTOR,114,2018-11-16,7,"['5A27001967', '5A28002504', '5A29000622', '5A29000653', '6111001995', '6112000256', '6116001034']"
ROBOTUTOR,115,2018-11-16,6,"['5A27001652', '5A28000359', '5B20001117', '5B23001060', '6118002162', '6118002784']"
ROBOTUTOR,116,2018-11-16,3,"['5B20001997', '6115000396', '6116002729']"
ROBOTUTOR,118,2018-11-16,9,"['5A29001382', '5B13001251', '5B13001533', '6111001852', '6115001829', '6116001493', '6116001542', '6118002850', '6118003039']"
ROBOTUTOR,119,2018-11-16,6,"['6111001097', '6111002001', '6111002148', '6116001036', '6116001617', '6118002106']"
ROBOTUTOR,121,2018-11-16,3,"['6111001491', '6111001821', '6116002195']"
ROBOTUTOR,122,2018-11-16,4,"['5B20001363', '6116001025', '6116001215', '6116001922']"
ROBOTUTOR,124,2018-11-16,1,['5B23001012']
ROBOTUTOR,126,2018-11-16,1,['6116002150']
ROBOTUTOR,127,2018-11-16,13,"['5A29001488', '5B04000109', '5B12004601', '5B13002216', '5B13002231', '6111001793', '6115000434', '6116001675', '6116001819', '6118002114', '6118002352', '6118002618', '6128000644']"
ROBOTUTOR,128,2018-11-16,10,"['5A27000711', '5A27001390', '5A27001575', '5C03000328', '6111001083', '6111002085', '6115000564', '6116001672', '6116002514', '6118002639']"
ROBOTUTOR,129,2018-11-16,6,"['5A22001012', '6111000075', '6111002030', '6118002379', '6118002929', '6118002982']"
ROBOTUTOR,130,2018-11-16,1,['6111001855']
ROBOTUTOR,131,2018-11-16,3,"['5A28002440', '5B13002468', '6118002875']"
ROBOTUTOR,132,2018-11-16,1,['5A22001134']
ROBOTUTOR,133,2018-11-16,4,"['5B20001266', '5B20002348', '5B20002420', '6118002891']"
ROBOTUTOR,135,2018-11-16,2,"['5A27000526', '6116002304']"
ROBOTUTOR,137,2018-11-16,5,"['5B12002990', '6111001752', '6116002500', '6118002987', '6130000141']"
ROBOTUTOR,138,2018-11-16,5,"['5C01001557', '5C03001014', '6115001473', '6116001624', '6116001995']"
ROBOTUTOR,139,2018-11-16,5,"['5A22001076', '6115001518', '6116002449', '6118002857', '6118003232']"
ROBOTUTOR,140,2018-11-16,8,"['5A21001028', '5A27001467', '6111002143', '6115000523', '6116002257', '6118002623', '6118002883', '6129001273']"
ROBOTUTOR,141,2018-11-16,10,"['5A27001649', '5A28000070', '5A28000194', '5B12002960', '5B13001009', '6111002113', '6115001475', '6116002816', '6118002216', '6118003419']"
ROBOTUTOR,114,2018-11-23,9,"['5A27001967', '5A28002504', '5A29000622', '5A29000653', '6111001777', '6111001842', '6111002050', '6112000256', '6116001034']"
ROBOTUTOR,116,2018-11-23,2,"['6116001767', '6118002598']"
ROBOTUTOR,118,2018-11-23,10,"['5A28001564', '5B12002774', '5B13001251', '6111001013', '6111001239', '6116001661', '6118002559', '6118003039', '6118003055', '6130000021']"
ROBOTUTOR,119,2018-11-23,1,['6116002611']
ROBOTUTOR,122,2018-11-23,15,"['5A22001065', '5A27000246', '5A27001219', '5A27001414', '5B12002834', '5B20001950', '6111001675', '6111002101', '6111002106', '6116001215', '6116001582', '6116001618', '6116002179', '6116002315', '6118002380']"
ROBOTUTOR,123,2018-11-23,10,"['5A27001320', '5A27001710', '5B12004776', '5B20001273', '6116001071', '6116001555', '6118001954', '6118002206', '6118002629', '6118002958']"
ROBOTUTOR,124,2018-11-23,2,"['5A27001387', '6111001422']"
ROBOTUTOR,125,2018-11-23,30,"['5A22000709', '5A23002820', '5A27000692', '5A27000746', '5A27001337', '5A27001834', '5A27002149', '5A28000372', '5A29001272', '5B13000781', '5B16001020', '5B20001221', '5B20002224', '5C07000407', '6111000035', '6113001032', '6115001430', '6115001676', '6116001030', '6116001084', '6116001293', '6116001512', '6116001650', '6116002055', '6116002734', '6118001752', '6118003301', '6118003601', '6129001903', '6130000123']"
ROBOTUTOR,126,2018-11-23,11,"['5A27001568', '5B20001652', '6113001658', '6114000045', '6115000420', '6116001099', '6116001450', '6116001605', '6118001894', '6118002086', '6118003023']"
ROBOTUTOR,127,2018-11-23,20,"['5A22000813', '5A28001988', '5B12002902', '5B12003581', '5B20001398', '5B20002433', '6111000111', '6111001407', '6112000074', '6112001210', '6115001519', '6116001214', '6116001241', '6116001387', '6116002162', '6116002187', '6118003076', '6118003112', '6118003159', '6126000075']"
ROBOTUTOR,128,2018-11-23,20,"['5A27000437', '5A27002130', '5B12002670', '5B13001433', '5B13002057', '5B20002125', '6111001665', '6112000152', '6112001342', '6115000508', '6116002745', '6116002750', '6116002790', '6118002112', '6118002249', '6118002360', '6118003111', '6118003147', '6126000244', '6130000048']"
ROBOTUTOR,131,2018-11-23,1,['5B20001313']
ROBOTUTOR,132,2018-11-23,3,"['5A21000494', '5A27001313', '5A27001586']"
ROBOTUTOR,133,2018-11-23,17,"['5A28000787', '5B12004698', '5B13001500', '6111001946', '6114000199', '6115000374', '6115001240', '6115001977', '6116000975', '6116001172', '6116002373', '6116002388', '6116002409', '6116002695', '6118002074', '6118002234', '6118002394']"
ROBOTUTOR,134,2018-11-23,4,"['6111001939', '6118003038', '6118003114', '6118003349']"
ROBOTUTOR,135,2018-11-23,4,"['6111000859', '6115001455', '6116001789', '6116001830']"
ROBOTUTOR,136,2018-11-23,2,"['6116002010', '6118003119']"
ROBOTUTOR,137,2018-11-23,12,"['5A22001017', '5A27001466', '5A29001252', '5A29001442', '5B12002947', '6111002083', '6116000839', '6116001747', '6116001775', '6116002363', '6118002666', '6118003122']"
ROBOTUTOR,138,2018-11-23,7,"['5A23002615', '5A27000023', '5A28000872', '5B13001007', '6111000694', '6111001817', '6118002811']"
ROBOTUTOR,139,2018-11-23,17,"['5A23002256', '5A27001484', '5A27001838', '5A28001072', '5A29000428', '5A29001256', '6111000557', '6114000469', '6116000790', '6116000859', '6116001053', '6116002278', '6116002471', '6116002803', '6118001709', '6118002124', '6118002187']"
ROBOTUTOR,140,2018-11-23,17,"['5A27000941', '5A28000828', '5B12002777', '5B13000701', '5B13000847', '5B13001135', '5B13002353', '5B20001354', '6111000105', '6113000803', '6116001128', '6116001267', '6116001978', '6116002765', '6118002316', '6118002942', '6129002223']"
ROBOTUTOR,141,2018-11-23,16,"['5A27000636', '5A28002135', '5B12002916', '5B12003714', '5B12004649', '5B12004686', '5B13000706', '5B20002280', '6111000905', '6115001080', '6116001335', '6116001972', '6116002782', '6116002797', '6116002836', '6118002915']"
ROBOTUTOR,114,2018-11-30,4,"['5A27002160', '6111001842', '6111002050', '6118002520']"
ROBOTUTOR,116,2018-11-30,7,"['5A23001442', '5B14001516', '6116001520', '6116001757', '6116001767', '6116002833', '6118002598']"
ROBOTUTOR,117,2018-11-30,16,"['5A27000810', '5B13001421', '5B13002062', '5B20001168', '6111001715', '6115001261', '6116001351', '6116002282', '6116002444', '6116002581', '6116002649', '6116002743', '6118002408', '6118003027', '6129000692', '6130000023']"
ROBOTUTOR,118,2018-11-30,6,"['5A27001543', '5A28001564', '5B13001251', '6111001239', '6118002850', '6126000208']"
ROBOTUTOR,119,2018-11-30,2,"['5A27001932', '6116002611']"
ROBOTUTOR,120,2018-11-30,15,"['5A28002152', '5A29001391', '5B20001381', '5B20001409', '5B20002370', '6112000251', '6113000622', '6115001195', '6116000921', '6116001938', '6116002515', '6118001869', '6118002806', '6118003351', '6118003610']"
ROBOTUTOR,122,2018-11-30,12,"['5A22001065', '5A27000246', '5A27001414', '5B12002834', '6111002101', '6111002106', '6113001057', '6114000008', '6116001618', '6116002179', '6116002315', '6118002380']"
ROBOTUTOR,123,2018-11-30,10,"['5A27001320', '5A28002201', '5B12002459', '5B12004776', '6116001071', '6116002431', '6118002206', '6118002629', '6118002958', '6128000754']"
ROBOTUTOR,124,2018-11-30,2,"['5A27001387', '6111001422']"
ROBOTUTOR,125,2018-11-30,22,"['5A23002820', '5A27000692', '5A27001337', '5A27001834', '5A27002149', '5A28000372', '5A29001272', '5B13000781', '5B16001020', '5B20001221', '5C07000407', '6113001032', '6115001430', '6115001676', '6116001084', '6116001293', '6116001512', '6116001650', '6118003301', '6118003601', '6129001903', '6130000123']"
ROBOTUTOR,126,2018-11-30,6,"['5B20001652', '6109000125', '6116001099', '6116001450', '6116001605', '6118001894']"
ROBOTUTOR,127,2018-11-30,17,"['5A22000813', '5A28001988', '5B12002902', '5B20001398', '5B20002433', '6111000111', '6111001407', '6112000074', '6112001210', '6116001241', '6116001387', '6116002162', '6116002187', '6118003076', '6118003112', '6118003159', '6126000075']"
ROBOTUTOR,128,2018-11-30,17,"['5A27000437', '5A27002130', '5B12002670', '5B13001433', '5B13002057', '6111001665', '6112001342', '6115000508', '6116002745', '6116002750', '6116002790', '6118002112', '6118002249', '6118002360', '6118003111', '6118003147', '6126000244']"
ROBOTUTOR,131,2018-11-30,1,['6116001855']
ROBOTUTOR,132,2018-11-30,3,"['5A21000494', '5A27001313', '5A27001586']"
ROBOTUTOR,133,2018-11-30,15,"['5A28000787', '5B12004698', '5B13001500', '5B13002123', '6111001946', '6114000199', '6115000374', '6115001240', '6115001432', '6116000975', '6116001172', '6116002388', '6118002074', '6118002234', '6118002394']"
ROBOTUTOR,134,2018-11-30,8,"['5A23001564', '5B12002655', '6111001939', '6115001163', '6116001345', '6116001718', '6118003038', '6118003114']"
ROBOTUTOR,135,2018-11-30,2,"['6115001455', '6116001789']"
ROBOTUTOR,136,2018-11-30,2,"['6111001754', '6116002010']"
ROBOTUTOR,137,2018-11-30,8,"['5A22001017', '5A29001252', '5B20001389', '6111002083', '6115000833', '6116001747', '6116001775', '6130000141']"
ROBOTUTOR,138,2018-11-30,5,"['5A23002615', '5A27000023', '5B13001007', '6111000694', '6111001817']"
ROBOTUTOR,139,2018-11-30,13,"['5A27001484', '5A27001838', '5A28001072', '5A29001256', '6111000557', '6114000469', '6116000790', '6116000859', '6116001053', '6116002278', '6116002803', '6118001709', '6118002124']"
ROBOTUTOR,140,2018-11-30,15,"['5A28000828', '5B12002777', '5B13000701', '5B13000847', '5B13001135', '6111000105', '6111001392', '6112001108', '6113000803', '6114000971', '6116001128', '6116001978', '6116002765', '6118002942', '6129002223']"
ROBOTUTOR,141,2018-11-30,15,"['5A27000636', '5A28002135', '5B12002916', '5B12003714', '5B12004649', '5B12004686', '5B13000706', '5B20002280', '6111000905', '6115001080', '6116001972', '6116002782', '6116002797', '6116002836', '6118002915']"
ROBOTUTOR,114,2018-12-07,4,"['6111001777', '6111001842', '6111002050', '6118003535']"
ROBOTUTOR,116,2018-12-07,6,"['5B14001516', '6111000393', '6116001757', '6116001767', '6116002193', '6116002833']"
ROBOTUTOR,117,2018-12-07,9,"['5A27000810', '5B13001421', '5B20001168', '6111001715', '6115001261', '6116002581', '6116002649', '6129000692', '6130000023']"
ROBOTUTOR,118,2018-12-07,6,"['5A27001543', '5A28001564', '6116001661', '6118002559', '6118003055', '6130000021']"
ROBOTUTOR,120,2018-12-07,1,['6116000921']
ROBOTUTOR,121,2018-12-07,1,['6129002082']
ROBOTUTOR,122,2018-12-07,9,"['5A27000246', '6111001675', '6111002101', '6111002106', '6113001057', '6116001582', '6116002179', '6116002315', '6118002380']"
ROBOTUTOR,123,2018-12-07,8,"['5A27001320', '5A28002201', '5B12004776', '6111000344', '6111001615', '6116001071', '6116001555', '6116002347']"
ROBOTUTOR,127,2018-12-07,14,"['5A28001988', '5B20001398', '5B20002433', '6111000111', '6111001407', '6112000074', '6112001210', '6116001214', '6116001241', '6116002162', '6116002187', '6118003076', '6118003112', '6126000075']"
ROBOTUTOR,128,2018-12-07,12,"['5A27000437', '5A27002130', '5B12002670', '6111001665', '6112001342', '6115000508', '6116002745', '6116002750', '6116002790', '6118002249', '6118002360', '6118003147']"
ROBOTUTOR,129,2018-12-07,1,['6118002272']
ROBOTUTOR,130,2018-12-07,3,"['5A29000477', '6105000515', '6112001212']"
ROBOTUTOR,131,2018-12-07,2,"['5B20001313', '6116001855']"
ROBOTUTOR,133,2018-12-07,9,"['5A28000787', '5B12004698', '6114000199', '6115001240', '6115001977', '6116002695', '6118002074', '6118002234', '6118002394']"
ROBOTUTOR,134,2018-12-07,5,"['6111001939', '6115001163', '6116001345', '6116001718', '6118003038']"
ROBOTUTOR,135,2018-12-07,1,['6115001455']
ROBOTUTOR,136,2018-12-07,3,"['6111001754', '6116002010', '6118003119']"
ROBOTUTOR,137,2018-12-07,8,"['5A22001017', '5B20001389', '6111002083', '6115000833', '6116001747', '6116001775', '6116002363', '6118002666']"
ROBOTUTOR,138,2018-12-07,4,"['5A23002615', '6111000694', '6111001817', '6118002811']"
ROBOTUTOR,139,2018-12-07,8,"['5A27001484', '5A27001838', '5A29000428', '5A29001256', '6114000469', '6116000790', '6116001053', '6118001709']"
ROBOTUTOR,140,2018-12-07,12,"['5B12002777', '5B13000701', '5B13000847', '5B13001135', '5B13002353', '6111001392', '6113000803', '6116001128', '6116001978', '6116002765', '6118002942', '6129002223']"
ROBOTUTOR,141,2018-12-07,8,"['5A27000636', '5B12002916', '5B12004686', '5B13000706', '6111000905', '6116001972', '6116002836', '6118002915']"
ROBOTUTOR,114,2018-12-14,3,"['5A27002160', '5B12002727', '6111001777']"
ROBOTUTOR,115,2018-12-14,6,"['5A29000947', '5B13001409', '5B20001216', '6111001511', '6116002016', '6118003270']"
ROBOTUTOR,116,2018-12-14,5,"['5A23001442', '5B20001964', '6111000393', '6116001767', '6116002833']"
ROBOTUTOR,117,2018-12-14,10,"['5B13001421', '5B13002062', '5B20001168', '6111001715', '6115001261', '6116002282', '6116002649', '6116002743', '6118002408', '6129000692']"
ROBOTUTOR,118,2018-12-14,3,"['6116001526', '6116001661', '6126000208']"
ROBOTUTOR,119,2018-12-14,3,"['6111002001', '6116001298', '6116002611']"
ROBOTUTOR,121,2018-12-14,8,"['5B14001989', '6111001485', '6111002062', '6112000191', '6115001196', '6118001879', '6118002554', '6129002082']"
ROBOTUTOR,122,2018-12-14,4,"['5B12002834', '6111001675', '6111002101', '6118002380']"
ROBOTUTOR,123,2018-12-14,8,"['5A27001971', '5B20001273', '6111000344', '6116002431', '6116002501', '6118002206', '6118002629', '6128000754']"
ROBOTUTOR,125,2018-12-14,20,"['5A23002820', '5A27000692', '5A27001337', '5A27001834', '5A29001272', '5B13000781', '5B16001020', '5C07000407', '6111001875', '6113001032', '6115001430', '6115001676', '6116001030', '6116001650', '6116002734', '6118001752', '6118002039', '6118003601', '6129001903', '6130000123']"
ROBOTUTOR,127,2018-12-14,10,"['5A28001988', '5B12002902', '5B20002433', '6112001210', '6116001387', '6116002162', '6116002187', '6118003112', '6118003159', '6126000075']"
ROBOTUTOR,128,2018-12-14,11,"['5A27000437', '5A27002130', '5B12002670', '5B13001433', '5B20002125', '6112001342', '6116002750', '6116002790', '6118002112', '6118003111', '6118003147']"
ROBOTUTOR,129,2018-12-14,11,"['5A29001270', '5B13000686', '6111002132', '6112000005', '6115000402', '6115001323', '6116001601', '6118001651', '6129000629', '6129002168', '6129002346']"
ROBOTUTOR,130,2018-12-14,5,"['5A27001753', '5A28002555', '5A29000477', '6105000515', '6112001212']"
ROBOTUTOR,131,2018-12-14,2,"['5A27001459', '6116001855']"
ROBOTUTOR,132,2018-12-14,2,"['5A21000494', '5A27001586']"
ROBOTUTOR,133,2018-12-14,5,"['6115000374', '6115001240', '6116002409', '6118002074', '6118002394']"
ROBOTUTOR,134,2018-12-14,3,"['5A29001279', '5B12002655', '6118003349']"
ROBOTUTOR,135,2018-12-14,1,['6111000859']
ROBOTUTOR,136,2018-12-14,3,"['6111001754', '6116002010', '6118003119']"
ROBOTUTOR,137,2018-12-14,1,['6116001747']
ROBOTUTOR,138,2018-12-14,4,"['5A23002615', '5A27000023', '5B13001007', '6111001817']"
ROBOTUTOR,139,2018-12-14,12,"['5A27001838', '5A28001072', '5A29000428', '6111000557', '6114000469', '6116000790', '6116000859', '6116001053', '6116002471', '6116002803', '6118001709', '6118002187']"
ROBOTUTOR,140,2018-12-14,6,"['5B13000847', '6111001392', '6116001128', '6116001978', '6116002765', '6129002223']"
ROBOTUTOR,141,2018-12-14,6,"['5B12003714', '5B12004649', '5B20002280', '6115001080', '6116002782', '6116002836']"
ROBOTUTOR,114,2018-12-21,4,"['5A27002160', '6111001842', '6118002520', '6118003535']"
ROBOTUTOR,116,2018-12-21,4,"['5A23001442', '6116001757', '6116002833', '6118002598']"
ROBOTUTOR,117,2018-12-21,2,"['6129000692', '6130000023']"
ROBOTUTOR,118,2018-12-21,14,"['5A27001543', '5A28001564', '5B12002774', '5B13001251', '6111001013', '6111001239', '6116001526', '6116001661', '6118002559', '6118002850', '6118003039', '6118003055', '6126000208', '6130000021']"
ROBOTUTOR,119,2018-12-21,2,"['5A27001932', '6116002611']"
ROBOTUTOR,120,2018-12-21,22,"['5A23002753', '5A27001196', '5A27002127', '5A28002152', '5A28002453', '5A29001375', '5B20001381', '5B20001409', '5B20002370', '6112000251', '6114000971', '6115000510', '6115001195', '6116000839', '6116001938', '6116002851', '6118001869', '6118002174', '6118002318', '6118002806', '6118003351', '6118003610']"
ROBOTUTOR,121,2018-12-21,4,"['5A27000763', '6111001485', '6112000191', '6116002713']"
ROBOTUTOR,122,2018-12-21,3,"['5A27000246', '6116001618', '6118002380']"
ROBOTUTOR,123,2018-12-21,4,"['5A27001320', '6111001615', '6116002431', '6128000754']"
ROBOTUTOR,125,2018-12-21,7,"['5A27001834', '5B13000781', '6115001430', '6115001676', '6116002734', '6118003601', '6130000123']"
ROBOTUTOR,127,2018-12-21,13,"['5A28001988', '5B12002902', '5B12003581', '5B20001398', '5B20002433', '6111001407', '6115001519', '6116001387', '6116001765', '6116002162', '6116002187', '6118003076', '6118003112']"
ROBOTUTOR,129,2018-12-21,5,"['5B13000686', '5B13001249', '6111002132', '6115001323', '6129000629']"
ROBOTUTOR,132,2018-12-21,2,"['5A21000494', '5A27001313']"
ROBOTUTOR,133,2018-12-21,9,"['5B13002123', '6111001946', '6115000374', '6115001240', '6115001977', '6116000975', '6116001172', '6116002409', '6118002234']"
ROBOTUTOR,137,2018-12-21,7,"['5B12002947', '5B20001389', '6111002083', '6115000833', '6116001747', '6116001775', '6116002363']"
ROBOTUTOR,138,2018-12-21,3,"['5A27000023', '5B13001007', '6111000694']"
ROBOTUTOR,139,2018-12-21,7,"['5A29001256', '6111000557', '6114000469', '6116000790', '6116002278', '6118001709', '6118002187']"
ROBOTUTOR,140,2018-12-21,10,"['5A28000828', '5B12002777', '5B12004783', '5B13000701', '5B13000847', '6111001392', '6116001296', '6116002765', '6118002942', '6129002223']"
ROBOTUTOR,141,2018-12-21,5,"['5B12004686', '5B20002280', '6115001080', '6116002782', '6116002836']"
ROBOTUTOR,119,2018-12-28,3,"['6111002001', '6111002148', '6112001352']"
ROBOTUTOR,121,2018-12-28,5,"['5A27000763', '5A27001425', '6111001485', '6111002062', '6116002469']"
ROBOTUTOR,126,2018-12-28,11,"['5A27001568', '5B20001652', '5B20002324', '6109000125', '6113001658', '6115000420', '6116001099', '6116001450', '6118001894', '6118003023', '6118003210']"
ROBOTUTOR,128,2018-12-28,14,"['5A27002130', '5B12002670', '5B13001433', '5B20002125', '6111001665', '6112001342', '6115000508', '6116002750', '6116002790', '6118002112', '6118002249', '6118003111', '6126000244', '6130000048']"
ROBOTUTOR,130,2018-12-28,5,"['5A27001753', '5A28002555', '5A29000477', '6105000515', '6112001212']"
ROBOTUTOR,134,2018-12-28,2,"['5A29001279', '6118003565']"
ROBOTUTOR,135,2018-12-28,2,"['6111000859', '6116001789']"
ROBOTUTOR,137,2018-12-28,2,"['5B12002947', '6118002666']"
ROBOTUTOR,140,2018-12-28,7,"['5A28000828', '5B12002777', '5B12004783', '5B13000701', '6111001392', '6116001128', '6116002765']"
ROBOTUTOR,115,2019-01-04,7,"['5A29000947', '5B13001409', '5B20001216', '6111001511', '6112001106', '6116002016', '6118003270']"
ROBOTUTOR,119,2019-01-04,2,"['6111002148', '6118002265']"
ROBOTUTOR,121,2019-01-04,4,"['5B14001989', '6111001485', '6111001727', '6112000191']"
ROBOTUTOR,122,2019-01-04,4,"['6111001675', '6116001618', '6116002315', '6118003554']"
ROBOTUTOR,123,2019-01-04,9,"['5A27001320', '5B12004776', '5B20001273', '6116001071', '6116001555', '6116002431', '6118002206', '6118002629', '6118003354']"
ROBOTUTOR,124,2019-01-04,1,['6111001422']
ROBOTUTOR,126,2019-01-04,2,"['6113001658', '6116001099']"
ROBOTUTOR,127,2019-01-04,16,"['5A28001988', '5B12003581', '5B20001398', '5B20002433', '6111001407', '6112001210', '6115001519', '6116001241', '6116001387', '6116001765', '6116002162', '6116002187', '6118003076', '6118003112', '6118003159', '6126000075']"
ROBOTUTOR,128,2019-01-04,9,"['5A27002130', '5B12002670', '6111001665', '6112001342', '6115000508', '6116002750', '6118002249', '6118003111', '6126000244']"
ROBOTUTOR,129,2019-01-04,6,"['5A29001270', '5B13000686', '6112000005', '6115001323', '6118002272', '6129002346']"
ROBOTUTOR,130,2019-01-04,2,"['5A29000477', '6105000515']"
ROBOTUTOR,132,2019-01-04,1,['5A27001586']
ROBOTUTOR,133,2019-01-04,10,"['5A28000787', '5B12004698', '5B13002123', '6111001946', '6115000374', '6115001240', '6116002388', '6116002695', '6118002234', '6118002394']"
ROBOTUTOR,134,2019-01-04,3,"['6111001939', '6115001163', '6118003038']"
ROBOTUTOR,135,2019-01-04,2,"['6111000859', '6115001455']"
ROBOTUTOR,137,2019-01-04,8,"['5A22001017', '5A29001252', '5B12002947', '5B20001389', '6115000833', '6116002363', '6118002666', '6118003122']"
ROBOTUTOR,138,2019-01-04,2,"['5A23002615', '6118002811']"
ROBOTUTOR,139,2019-01-04,6,"['5A23002256', '5A29000428', '6111000557', '6116000859', '6116002278', '6118002187']"
ROBOTUTOR,140,2019-01-04,3,"['5B12004783', '5B13000701', '5B13001135']"
ROBOTUTOR,141,2019-01-04,6,"['5B12003714', '5B12004686', '5B20002280', '6116001453', '6116002782', '6116002836']"
ROBOTUTOR,114,2019-01-11,1,['6118002520']
ROBOTUTOR,115,2019-01-11,14,"['5A29000947', '5A29001322', '5B12002698', '5B13001409', '5B20001216', '5B20001230', '5B20002339', '6111001511', '6112001106', '6115000383', '6116002016', '6118001910', '6118002566', '6118003270']"
ROBOTUTOR,116,2019-01-11,3,"['5B20001964', '6111001111', '6116001757']"
ROBOTUTOR,117,2019-01-11,10,"['5A27000810', '5B13001421', '5B13002062', '5B20001168', '6115001261', '6116002282', '6116002581', '6116002743', '6129000692', '6130000023']"
ROBOTUTOR,118,2019-01-11,10,"['5A27001543', '5B13001251', '6111001239', '6116001526', '6118002559', '6118002850', '6118003039', '6118003055', '6126000208', '6130000021']"
ROBOTUTOR,120,2019-01-11,3,"['5A29001391', '6115002461', '6116001081']"
ROBOTUTOR,122,2019-01-11,6,"['5A27001414', '6111002106', '6113001057', '6114000008', '6116001618', '6118003554']"
ROBOTUTOR,123,2019-01-11,6,"['5A27001320', '5B12004776', '6116001555', '6118001954', '6118002206', '6118002958']"
ROBOTUTOR,125,2019-01-11,11,"['5A27001337', '5A27001834', '5B13000781', '6115001430', '6115001676', '6116001030', '6116001650', '6116002734', '6118001752', '6118003601', '6130000123']"
ROBOTUTOR,126,2019-01-11,1,['5A27001568']
ROBOTUTOR,127,2019-01-11,12,"['5B20002433', '6111000111', '6111001407', '6112000074', '6115001519', '6116001214', '6116001241', '6116001765', '6116002187', '6118003112', '6118003159', '6126000075']"
ROBOTUTOR,128,2019-01-11,10,"['5A27000437', '5B12002670', '5B13001433', '6111001665', '6115000508', '6116002790', '6118002249', '6118002360', '6118003111', '6130000048']"
ROBOTUTOR,130,2019-01-11,1,['5A28002555']
ROBOTUTOR,132,2019-01-11,2,"['5A21000494', '5A27001313']"
ROBOTUTOR,133,2019-01-11,6,"['5B13001500', '6111001946', '6116000975', '6116001172', '6116002388', '6116002409']"
ROBOTUTOR,134,2019-01-11,4,"['5B12002655', '6118003038', '6118003114', '6118003349']"
ROBOTUTOR,135,2019-01-11,1,['6111000859']
ROBOTUTOR,138,2019-01-11,2,"['5A23002615', '6111001817']"
ROBOTUTOR,139,2019-01-11,3,"['5A27001484', '6116000859', '6116002278']"
ROBOTUTOR,140,2019-01-11,3,"['6116001128', '6116001296', '6118002942']"
ROBOTUTOR,141,2019-01-11,7,"['5B12003714', '5B12004686', '5B20002280', '6115001080', '6116001273', '6116002797', '6118002915']"
ROBOTUTOR,114,2019-01-18,3,"['6111002050', '6113001685', '6116001059']"
ROBOTUTOR,115,2019-01-18,10,"['5A29000947', '5A29001322', '5B13001409', '5B20002339', '6111001511', '6112001106', '6116002016', '6118001910', '6118002566', '6118003270']"
ROBOTUTOR,117,2019-01-18,2,"['5B13002062', '6116001351']"
ROBOTUTOR,118,2019-01-18,7,"['5A27001543', '5B13001251', '6111001239', '6116001526', '6118003055', '6126000208', '6130000021']"
ROBOTUTOR,119,2019-01-18,1,['6118002265']
ROBOTUTOR,121,2019-01-18,1,['6111000084']
ROBOTUTOR,122,2019-01-18,7,"['6111001675', '6111002101', '6111002106', '6113001057', '6116001618', '6116002315', '6118002380']"
ROBOTUTOR,123,2019-01-18,6,"['5A27001320', '6111000344', '6116001555', '6118001954', '6118002206', '6118002958']"
ROBOTUTOR,125,2019-01-18,5,"['5A27001337', '6116001030', '6116002734', '6118003601', '6130000123']"
ROBOTUTOR,126,2019-01-18,2,"['5B20002324', '6116001099']"
ROBOTUTOR,127,2019-01-18,10,"['5B12002902', '5B12003581', '5B20001398', '5B20002433', '6112000074', '6116001214', '6116001241', '6116001765', '6118003112', '6126000075']"
ROBOTUTOR,128,2019-01-18,8,"['5B12002670', '5B13001433', '6111001665', '6116001831', '6116002750', '6118002112', '6118002360', '6130000048']"
ROBOTUTOR,129,2019-01-18,6,"['5B13000686', '5B13001249', '6111002132', '6112000005', '6118002272', '6129002346']"
ROBOTUTOR,131,2019-01-18,1,['6116001855']
ROBOTUTOR,132,2019-01-18,2,"['5A27001313', '5A27001586']"
ROBOTUTOR,133,2019-01-18,2,"['5A28000787', '6118002394']"
ROBOTUTOR,134,2019-01-18,4,"['5A27001179', '5B12002655', '6115001163', '6118003038']"
ROBOTUTOR,135,2019-01-18,1,['6115001455']
ROBOTUTOR,136,2019-01-18,1,['6111001754']
ROBOTUTOR,137,2019-01-18,2,"['5B12002947', '6116002363']"
ROBOTUTOR,138,2019-01-18,3,"['5A23002615', '5B13001007', '6118003045']"
ROBOTUTOR,139,2019-01-18,4,"['5A27001838', '6118002124', '6118002187', '6118002554']"
ROBOTUTOR,140,2019-01-18,7,"['5A28000828', '5B12004783', '5B13001135', '6116001128', '6116001601', '6118002209', '6118002942']"
ROBOTUTOR,141,2019-01-18,3,"['5B12004686', '6115001080', '6116001273']"
ROBOTUTOR,114,2019-01-25,4,"['5A27002160', '6111002050', '6118002189', '6118002520']"
ROBOTUTOR,115,2019-01-25,2,"['5A29000947', '5B13001409']"
ROBOTUTOR,116,2019-01-25,3,"['5B20001964', '6116001520', '6116001767']"
ROBOTUTOR,119,2019-01-25,2,"['6111002001', '6116001298']"
ROBOTUTOR,120,2019-01-25,1,['6115002461']
ROBOTUTOR,121,2019-01-25,1,['6116000780']
ROBOTUTOR,122,2019-01-25,3,"['5A27000246', '6116002315', '6118002925']"
ROBOTUTOR,123,2019-01-25,5,"['5A27001710', '5B20001273', '6111001145', '6111001615', '6118002958']"
ROBOTUTOR,125,2019-01-25,7,"['5A27001337', '5A27001834', '6115001676', '6116001030', '6116001650', '6116002734', '6118003601']"
ROBOTUTOR,126,2019-01-25,4,"['5B20002324', '6116001099', '6118001894', '6118003210']"
ROBOTUTOR,127,2019-01-25,8,"['5B12003581', '5B20001398', '5B20002433', '6112001210', '6116001241', '6116001765', '6118003076', '6126000075']"
ROBOTUTOR,128,2019-01-25,2,"['5A27000437', '6130000048']"
ROBOTUTOR,129,2019-01-25,5,"['5A29001270', '5B13001249', '6112000005', '6115001323', '6129002346']"
ROBOTUTOR,131,2019-01-25,1,['6116001855']
ROBOTUTOR,132,2019-01-25,2,"['5A21000494', '5A27001586']"
ROBOTUTOR,134,2019-01-25,3,"['5A27001179', '6111001939', '6116001718']"
ROBOTUTOR,135,2019-01-25,2,"['6111000859', '6116001830']"
ROBOTUTOR,136,2019-01-25,1,['6118003119']
ROBOTUTOR,137,2019-01-25,1,['5B20001389']
ROBOTUTOR,138,2019-01-25,1,['5B13001007']
ROBOTUTOR,139,2019-01-25,1,['6118002187']
ROBOTUTOR,140,2019-01-25,6,"['5A28000828', '5B12002777', '5B13001135', '6116002765', '6118002209', '6118002942']"
ROBOTUTOR,141,2019-01-25,3,"['5B12003714', '5B20002280', '6116002797']"
ROBOTUTOR,114,2019-02-01,1,['6118003535']
ROBOTUTOR,115,2019-02-01,4,"['5A29000947', '5B13001409', '5B20001216', '6118002566']"
ROBOTUTOR,117,2019-02-01,9,"['5B13001421', '5B13002416', '5B13002439', '5B20001527', '6116002282', '6116002581', '6118001651', '6118003027', '6130000023']"
ROBOTUTOR,118,2019-02-01,7,"['5A27001543', '5B13001251', '6111001239', '6116001526', '6118003055', '6126000208', '6130000021']"
ROBOTUTOR,119,2019-02-01,1,['6111002148']
ROBOTUTOR,121,2019-02-01,4,"['6111001727', '6118001879', '6118002258', '6118002863']"
ROBOTUTOR,123,2019-02-01,3,"['5A27001320', '6111001145', '6118003354']"
ROBOTUTOR,125,2019-02-01,4,"['5A27001337', '5A27001834', '6116001030', '6118003601']"
ROBOTUTOR,126,2019-02-01,2,"['6109000125', '6118001894']"
ROBOTUTOR,127,2019-02-01,6,"['5B12002902', '6111001407', '6112000074', '6112001210', '6118003112', '6118003159']"
ROBOTUTOR,128,2019-02-01,6,"['6111001665', '6116002750', '6118002112', '6118002249', '6118003111', '6130000048']"
ROBOTUTOR,129,2019-02-01,2,"['5A29001270', '6112000005']"
ROBOTUTOR,130,2019-02-01,1,['5A29000477']
ROBOTUTOR,132,2019-02-01,1,['5A27001313']
ROBOTUTOR,133,2019-02-01,8,"['5A28000787', '5B13001500', '6114000199', '6115001240', '6116000975', '6116001172', '6118002074', '6118002394']"
ROBOTUTOR,134,2019-02-01,2,"['5A23001564', '5B12002655']"
ROBOTUTOR,135,2019-02-01,1,['6116001830']
ROBOTUTOR,137,2019-02-01,1,['6116001775']
ROBOTUTOR,138,2019-02-01,5,"['5A27000023', '5B13001007', '6111000694', '6111001817', '6118002811']"
ROBOTUTOR,139,2019-02-01,1,['6116002803']
ROBOTUTOR,140,2019-02-01,6,"['5A28000828', '5B12004783', '5B13001135', '6116001296', '6116001601', '6118002209']"
ROBOTUTOR,141,2019-02-01,4,"['5B12003714', '5B12004686', '6115001080', '6116001972']"
ROBOTUTOR,114,2019-02-08,2,"['6113001685', '6116001059']"
ROBOTUTOR,115,2019-02-08,2,"['5A29000947', '6118002566']"
ROBOTUTOR,116,2019-02-08,3,"['5A23001442', '5B20001964', '6111000393']"
ROBOTUTOR,117,2019-02-08,1,['6116002444']
ROBOTUTOR,118,2019-02-08,2,"['5B13001251', '6111001239']"
ROBOTUTOR,119,2019-02-08,3,"['5A27001932', '6111002148', '6116002611']"
ROBOTUTOR,121,2019-02-08,5,"['5A28002635', '6111000084', '6111001727', '6116000780', '6118002258']"
ROBOTUTOR,122,2019-02-08,3,"['6111001675', '6111002106', '6116002315']"
ROBOTUTOR,123,2019-02-08,3,"['5A27001710', '6116001071', '6118002958']"
ROBOTUTOR,125,2019-02-08,5,"['5A27001337', '6115001676', '6116002734', '6118001752', '6118003601']"
ROBOTUTOR,126,2019-02-08,3,"['5A27001568', '6109000125', '6118003210']"
ROBOTUTOR,127,2019-02-08,4,"['5A28001988', '5B20002433', '6116001214', '6116001241']"
ROBOTUTOR,128,2019-02-08,13,"['5A27000437', '5B12002670', '6111001665', '6112001342', '6115000508', '6116001831', '6116002750', '6116002790', '6118002112', '6118002249', '6118002360', '6118003111', '6130000048']"
ROBOTUTOR,129,2019-02-08,1,['5B13000686']
ROBOTUTOR,132,2019-02-08,1,['5A21000494']
ROBOTUTOR,133,2019-02-08,9,"['5A28000787', '5B13001500', '6114000199', '6115001240', '6116000975', '6116001172', '6116002388', '6118002074', '6118002394']"
ROBOTUTOR,134,2019-02-08,1,['6118003349']
ROBOTUTOR,135,2019-02-08,1,['6111000859']
ROBOTUTOR,136,2019-02-08,1,['6111001754']
ROBOTUTOR,138,2019-02-08,1,['6111000694']
ROBOTUTOR,139,2019-02-08,4,"['5A23002256', '6116000790', '6116001053', '6118002187']"
ROBOTUTOR,140,2019-02-08,6,"['5B12002777', '6116001128', '6116001601', '6116002765', '6118002209', '6118002942']"
ROBOTUTOR,141,2019-02-08,1,['5B12004686']
ROBOTUTOR,114,2019-02-22,4,"['5A27002160', '5B12002727', '6111001842', '6111002050']"
ROBOTUTOR,115,2019-02-22,2,"['5A29001322', '5B20001216']"
ROBOTUTOR,116,2019-02-22,1,['6116002833']
ROBOTUTOR,118,2019-02-22,6,"['5B13001251', '6111001239', '6116001661', '6118002850', '6126000208', '6130000021']"
ROBOTUTOR,119,2019-02-22,3,"['6111002148', '6116001617', '6118002265']"
ROBOTUTOR,121,2019-02-22,3,"['6112000191', '6118002258', '6118002863']"
ROBOTUTOR,122,2019-02-22,7,"['5A27001414', '6111001675', '6111002101', '6111002106', '6113001057', '6116001618', '6116002315']"
ROBOTUTOR,123,2019-02-22,5,"['5A27001710', '5B12004776', '6111001615', '6116001071', '6118002958']"
ROBOTUTOR,125,2019-02-22,7,"['5A27001337', '5A27001834', '6115001676', '6116001030', '6116002734', '6118001752', '6118003601']"
ROBOTUTOR,126,2019-02-22,5,"['5A27001568', '5B20001652', '6116001099', '6116001605', '6118003210']"
ROBOTUTOR,127,2019-02-22,6,"['5B20002433', '6111000111', '6112001210', '6116001387', '6116001765', '6118003112']"
ROBOTUTOR,128,2019-02-22,13,"['5A27000437', '5B13001433', '6111001665', '6112001342', '6115000508', '6116001831', '6116002750', '6116002790', '6118002112', '6118002229', '6118002360', '6118003111', '6130000048']"
ROBOTUTOR,129,2019-02-22,5,"['5A29001270', '5B13001249', '6118002272', '6118002944', '6129002346']"
ROBOTUTOR,130,2019-02-22,2,"['5B12003100', '6105000515']"
ROBOTUTOR,131,2019-02-22,18,"['5A23002256', '5A27001484', '5A27001838', '5A28001072', '5A29000428', '5A29001256', '6111000557', '6114000469', '6116000790', '6116000859', '6116001053', '6116002278', '6116002471', '6116002803', '6118001709', '6118002124', '6118002187', '6118002554']"
ROBOTUTOR,132,2019-02-22,1,['5A27001586']
ROBOTUTOR,133,2019-02-22,9,"['5B12004698', '5B13002123', '6111001946', '6114000199', '6115000374', '6116002388', '6116002409', '6116002695', '6118002394']"
ROBOTUTOR,134,2019-02-22,6,"['5A23001564', '5A27001179', '6111001939', '6116001345', '6118003038', '6118003114']"
ROBOTUTOR,135,2019-02-22,1,['6116001830']
ROBOTUTOR,139,2019-02-22,2,"['6116001053', '6118002124']"
ROBOTUTOR,140,2019-02-22,10,"['5B12002777', '5B12004783', '5B13000847', '5B13001135', '6116001128', '6116001296', '6116001601', '6116002765', '6118002209', '6118002942']"
ROBOTUTOR,141,2019-02-22,5,"['5B12003714', '6115001080', '6116001972', '6116002782', '6118002915']"
ROBOTUTOR,117,2019-03-01,9,"['5B12002999', '5B13001421', '5B13002062', '5B13002439', '6115001261', '6116002282', '6116002581', '6116002649', '6130000023']"
ROBOTUTOR,137,2019-03-01,6,"['5B12002947', '6111002083', '6116000839', '6116001775', '6116002363', '6130000141']"
