Child ID,Village ID,Serial #1,Serial #2,Date #2,Serial #3,Date #3,Serial #4,Date #4,Serial #5,Date #5,Serial #6,Date #6,Serial #7,Date #7
QAMNHX,1,6111000430,6116001636,,6118002750,2018-08-27,6116002376,2019-01-11,6115001265,2019-01-21,,,,
PFVAYN,1,5A27001517,6118002041,2019-01-11,,,,,,,,,,
VCWZMN,1,6118003188,5A27000443,2019-01-11,,,,,,,,,,
TCHFGP,1,6118002168,,,,,,,,,,,,
SHEKZZ,1,6118003226,6112001239,2019-01-11,,,,,,,,,,
NSTNGW,1,5A27001882,5A23001515,2019-01-11,,,,,,,,,,
FETAXZ,1,6111001658,6118002750,2018-05-21,6116002203,2018-09-17,5A23002107,2019-01-11,,,,,,
FRBKCP,1,5A27001692,5A28002573,,6111001751,2018-08-27,6116001981,2019-01-11,,,,,,
EZZPXF,1,5B20001313,6111000793,2019-01-11,,,,,,,,,,
TXRFKT,1,6112001279,6111002173,2019-01-11,,,,,,,,,,
EXTRA,1,5A29000580,5A27001478,,5A22000758,2018-11-07,5B13002199,2019-01-11,,,,,,
EXTRA,1,5A23001138,5B12002642,2019-01-11,,,,,,,,,,
EXTRA,1,6118002057,5B13001615,2019-01-11,,,,,,,,,,
SPARE,1,6116002769,6116002735,2019-01-11,,,,,,,,,,
YMGBMK,2,5B13001199,6116001377,2018-10-16,5C02001252,2018-11-22,6112000269,2019-01-11,,,,,,
HCUHPM,2,6111000452,5A28002615,2019-01-07,5B13002382,2019-01-11,,,,,,,,
TAZRUA,2,6116001281,6112001402,2019-01-11,,,,,,,,,,
TSSWQU,2,6118002340,6115001586,2019-01-11,,,,,,,,,,
QFSZMN,2,6116001740,6116001033,2018-07-25,5A27001678,2018-08-28,,2019-01-11,,,,,,
FFNEBY,2,6116001058,5A27000655,2018-10-16,6116001328,2019-01-11,,,,,,,,
CQNRQM,2,5A27000451,5A27000686,2019-01-11,,,,,,,,,,
HZQSAS,2,6116001494,6116001537,2018-08-28,,2018-11-05,,,,,,,,
HSUSNP,2,6118003106,6112000266,2019-01-11,,,,,,,,,,
EVSEWX,2,5C03001499,6118001550,2019-01-11,,,,,,,,,,
THGYPR,2,6115001185,5A27001383,2018-09-26,6118003001,2019-01-07,6112001172,2019-01-11,,,,,,
NTHAXK,2,6111001066,5A28001299,2018-09-26,5B13002496,2018-10-31,5B13002469,2018-12-10,6111002116,2019-01-11,,,,
CKZWHE,2,5A28000099,5B20002423,2018-08-28,6111000592,2019-01-11,,,,,,,,
TEXXMS,2,6111000203,6118001769,2018-10-16,6112001205,2019-01-11,,,,,,,,
WWXZWU,2,5C02001438,6116002351,2019-01-11,,,,,,,,,,
NMCUKX,2,6116001610,5A29000867,2019-01-11,,,,,,,,,,
EXTRA,2,6130000104,6116002578,2018-10-22,6112000134,2019-01-11,,,,,,,,
EXTRA,2,6115001102,6114000648,2018-08-14,6111001001,2019-01-11,,,,,,,,
EXTRA,2,6129001982,5A28001275,2019-01-11,,,,,,,,,,
EXTRA,2,5B12002783,6111000619,2019-01-11,,,,,,,,,,
SPARE,2,6118002671,6111001983,2019-01-11,,,,,,,,,,
BUPZGN,3,6115000493,6129001876,2019-01-11,,,,,,,,,,
GNSFFV,3,6128000853,6111001065,2019-01-11,,,,,,,,,,
NVPPZZ,3,6118002634,6118002261,2019-01-11,,,,,,,,,,
HWBSKH,3,6129000520,6118001867,2019-01-11,,,,,,,,,,
MEERPX,3,6111001044,5B12003403,2018-10-29,6118002392,2019-01-11,,,,,,,,
GBCYHP,3,6118001650,6115001088,2019-01-11,,,,,,,,,,
CNTRZZ,3,5B20002022,6118002824,2018-09-10,6118002503,2019-01-02,6115001229,2019-01-11,,,,,,
QARMCW,3,6118002163,6126000442,2019-01-11,,,,,,,,,,
XUTRAY,3,5B20000510,5A29001265,2018-10-01,5A29001407,2019-01-11,,,,,,,,
EXQFVP,3,6113001033,6116002832,2019-01-11,,,,,,,,,,
FWKXCE,3,5A27001608,6111001061,2019-01-11,,,,,,,,,,
GWGGMS,3,6116001728,6118002970,2019-01-11,,,,,,,,,,
ZWVNUM,3,6116001534,5B13002171,2019-01-11,,,,,,,,,,
ZWRVFH,3,6115001184,5C07001011,2018-11-12,6111001676,2019-01-11,,,,,,,,
SWWURR,3,6116001628,6116002828,2019-01-11,,,,,,,,,,
PYZGQP,3,6118002223,6118003026,2019-01-11,,,,,,,,,,
FWRZBV,3,6118002206,5B12003649,2018-10-29,5B12002516,2018-11-19,6118002836,2019-01-11,,,,,,
NPFGMY,3,6118003327,6116001035,2018-10-09,6116002863,2019-01-11,,,,,,,,
EHCGQS,3,6118002167,6118001603,2018-07-02,6116001600,2018-09-05,6116002852,2019-01-11,,,,,,
NYHBRS,3,6116001005,6111001762,2019-01-11,,,,,,,,,,
EXTRA,3,5A22000813,6111000234,2018-10-15,6116002136,2019-01-11,,,,,,,,
SPARE,3,6118001603,5B12003067,2019-01-11,,,,,,,,,,
QANMPB,4,5A28002430,6115001096,2018-07-26,6116001698,2019-01-11,,,,,,,,
ZNUHTF,4,5A27002042,5A27000457,2019-01-11,,,,,,,,,,
EEFUZS,4,6111002115,6118002913,2019-01-11,,,,,,,,,,
ZCBXCB,4,6111001031,5A29001325,2018-10-16,6112001166,2019-01-11,,,,,,,,
XVFPFB,4,6116002277,5A29001289,2018-12-12,6126000092,2019-01-11,,,,,,,,
MNQBNZ,4,5B20001988,6129002217,2018-11-22,6116000843,2019-01-11,,,,,,,,
SPARE,4,6115001096,5A27000569,2019-01-11,,,,,,,,,,
BRSPCV,5,6115000505,6116002073,2019-01-11,,,,,,,,,,
HFYZPX,5,5A29000537,5A22000995,2019-01-11,,,,,,,,,,
SPXPWS,5,6111000632,6118001615,2019-01-11,,,,,,,,,,
NACWBN,5,6116002084,6118002455,2018-09-03,5A27001537,2019-01-11,,,,,,,,
EZYFYN,5,6129001126,6116000763,2019-01-11,,,,,,,,,,
WFXBCG,5,6118002584,5A28000368,2019-01-11,,,,,,,,,,
NFRAHM,5,6111001721,5B13000692,2019-01-11,,,,,,,,,,
UFAMXN,5,6116001133,5A27001898,2018-07-10,6111001874,2019-01-11,,,,,,,,
SPARE,5,5A27001898,6113000578,2019-01-11,,,,,,,,,,
MQNRAX,6,5A23002106,5A28001898,2019-01-11,,,,,,,,,,
QUTUPK,6,6111001083,5A27001708,2018-05-24,5A22000726,2018-11-28,6115001242,2019-01-11,,,,,,
PRWUCV,6,5A28002569,6116002608,2019-01-11,,,,,,,,,,
RAKVPW,6,6111001915,6116001175,2019-01-11,6118002510,2019-02-20,,,,,,,,
KYEVNW,6,6130000190,6111000763,2019-01-11,,,,,,,,,,
ZWETNF,6,6116001670,6116001362,2018-10-24,5A29001338,2018-10-31,5B12002507,2019-01-11,,,,,,
EWHPVK,6,6111001664,6126000273,2019-01-11,,,,,,,,,,
ZRXFHF,6,6116002595,5B13001290,2018-06-27,6111001736,2018-11-20,6116002184,2019-01-11,,,,,,
AZRSKY,6,6116001741,6130000093,2019-01-11,,,,,,,,,,
SNZHMK,6,6115002433,6118002267,2019-01-11,,,,,,,,,,
HWRNNB,6,6118002294,6118002830,2019-01-11,,,,,,,,,,
YUUQBH,6,5A27001717,6109001591,2019-01-11,,,,,,,,,,
HUBZFY,6,6114000169,6118002670,2019-01-11,,,,,,,,,,
QRWENX,6,6118002873,5B14001720,2018-10-10,6116001900,2019-01-11,,,,,,,,
REVYMR,6,6129001322,5A27000466,2019-01-11,,,,,,,,,,
HVPZNG,6,5B12002965,6111001353,2019-01-11,,,,,,,,,,
ZNMGRV,6,6118002991,5A28000924,2019-01-11,6116001532,2019-01-15,,,,,,,,
BXYHCT,6,5A29001404,6116001145,2019-01-11,,,,,,,,,,
MRNANG,6,5A28000270,6111001935,2019-01-11,,,,,,,,,,
KXEBXN,6,6116001689,6118003604,2018-05-24,6111000980,2019-01-11,,,,,,,,
AFYHRP,6,6111000689,6115001490,2019-01-11,,,,,,,,,,
SPARE,6,5B13001290,6118002510,2019-01-11,,,,,,,,,,
GZBCXR,7,6113000807,6118002048,2018-10-08,6113000598,2019-01-11,,,,,,,,
CVKKRM,7,5A27002112,,2019-01-11,,,,,,,,,,
GRUBMN,7,6111000251,6116001168,2019-01-11,,,,,,,,,,
KVYXSX,7,5A29000326,6116002788,2019-01-11,,,,,,,,,,
FHNFNR,7,6118002832,6113000741,2019-01-11,,,,,,,,,,
ZFEMHZ,7,6118002728,6115001408,2019-01-11,,,,,,,,,,
BTVFGM,7,5A28000951,5A27001358,2019-01-11,,,,,,,,,,
VEEERV,7,6115000376,5A28001732,2019-01-11,,,,,,,,,,
BBMRBZ,7,5A23002495,,2019-01-11,,,,,,,,,,
HEZSHX,7,6118002442,6116000778,2019-01-11,6116002516,2019-02-18,,,,,,,,
QPBQYG,7,6116001594,6123001044,2019-01-11,,,,,,,,,,
AVXKEK,7,5A27001965,5A27000649,2019-01-11,,,,,,,,,,
RKAYHY,7,6111000994,6118003018,2018-10-08,6116002346,2019-01-11,,,,,,,,
YFMYNU,7,6118002271,6116001714,2018-10-24,6111000227,2019-01-11,,,,,,,,
KKPZNN,7,6111000162,6116002393,2019-01-11,,,,,,,,,,
FXEFZC,7,6118002359,6128001247,2018-11-07,6111002141,2018-12-03,6118003195,2019-01-11,,,,,,
GYNFZT,7,6118003224,5A29001291,2019-01-11,,,,,,,,,,
EXTRA,7,5A28002462,6118002431,2019-01-11,,,,,,,,,,
EXTRA,7,5B20001195,6116000925,2019-01-11,,,,,,,,,,
EXTRA,7,5A27002046,6118003036,2019-01-11,,,,,,,,,,
EXTRA,7,6116001135,6115001337,2019-01-11,,,,,,,,,,
EXTRA,7,6111001402,6118003581,2019-01-11,,,,,,,,,,
EXTRA,7,6118002926,5A23001238,2019-01-11,,,,,,,,,,
EXTRA,7,5A27001745,6118003345,2018-08-27,6118002107,2019-01-11,,,,,,,,
SPARE,7,6118003345,6118003176,2019-01-11,,,,,,,,,,
XSSACN,8,5B12002617,5A27001961,2018-11-05,6116002462,2019-01-11,,,,,,,,
EMPWTX,8,6129001167,5A27001245,2018-06-25,6115001203,2018-10-15,6118003283,2019-01-11,,,,,,
XSBCFX,8,6129001213,6118002788,2018-08-27,5A29000701,2018-09-10,5A23002047,2019-01-11,,,,,,
QYZRGP,8,6116001347,5A27001844,2018-09-24,6116000858,2018-11-27,6112000121,2019-01-11,,,,,,
VBQCVN,8,6125001295,6114000115,2018-06-14,5A29000529,2018-12-03,5B12002823,2019-01-11,,,,,,
TZVCWZ,8,5B13001460,5A28000074,2018-06-18,5A27001628,2018-09-24,6116002856,2019-01-11,,,,,,
CABTQP,8,5A23002184,6116001730,2018-07-02,5A27001480,2018-08-27,5A27000704,2018-12-17,6112000017,2019-01-11,,,,
XWHAKG,8,5B12004708,5B13001190,2018-06-04,,2018-06-22,,,,,,,,
SGWRUU,8,6115001576,,2018-06-23,,,,,,,,,,
SPARE,8,5B13001190,6116002146,2018-09-03,6115001203,2018-10-15,5B12002790,2019-01-11,,,,,,
EABQHX,9,6116001218,5B13001213,2018-11-26,5B12002772,2019-01-11,,,,,,,,
UNPTNX,9,5B12004742,5A29000418,2019-01-11,,,,,,,,,,
QZSHCY,9,6116001233,6118003082,2018-10-31,6118002195,2019-01-11,,,,,,,,
SGCNQC,9,6111000686,6118002766,2018-09-22,5B13002295,2019-01-11,,,,,,,,
WFYYSU,9,6118003170,6116002691,2018-10-08,6118003615,2019-01-11,,,,,,,,
EQUWMS,9,5A28000050,6111000021,2018-10-22,6111001982,2019-01-11,,,,,,,,
UUPPGX,9,6116001382,6116002439,2019-01-11,,,,,,,,,,
YMWRQW,9,6116002357,6115001047,2019-01-11,,,,,,,,,,
YTPZVA,9,6111001107,6118001533,2019-01-11,,,,,,,,,,
XCMAMY,9,6111001871,6118002485,2019-01-11,,,,,,,,,,
WYMVNP,9,5A22001076,6111000021,2018-05-22,6115001349,2019-01-11,,,,,,,,
TCVSKW,9,6114000019,6115001210,2019-01-11,,,,,,,,,,
SPARE,9,6111000021,5B20000638,2018-05-22,6111001648,2018-10-22,6112001491,2019-01-11,,,,,,
EEHHMZ,10,5A27001155,6112000205,2019-01-11,,,,,,,,,,
WHYAHS,10,6116001578,6111000585,2019-01-11,,,,,,,,,,
MPAYHA,10,5A27001994,5B13002460,2019-01-11,,,,,,,,,,
ENRQNF,10,6116000814,5C03000113,2019-01-11,,,,,,,,,,
ZHQFMF,10,6116001184,5B13002306,2019-01-11,,,,,,,,,,
VNWARC,10,6118002118,5B13001169,2019-01-11,,,,,,,,,,
VAACBN,10,6118002694,,2018-10-10,,,,,,,,,,
MXKKEH,10,6111000065,5B13001630,2019-01-11,,,,,,,,,,
RUCUTA,10,6118003054,5B13001076,2019-01-11,,,,,,,,,,
QBXKQM,10,5A23002712,5B20002349,2019-01-11,,,,,,,,,,
SPARE,10,5A28000323,5A28002643,2019-01-11,,,,,,,,,,
PNFSWS,11,5A27001321,5A28002634,2019-01-11,,,,,,,,,,
BPEBMF,11,5A22001043,6116002550,2019-01-11,,,,,,,,,,
AGGCXX,11,6111001678,6130000133,2018-09-25,5A29001389,2019-01-11,,,,,,,,
HMMXVH,11,6125000312,6112001269,2019-01-11,,,,,,,,,,
QYKGBG,11,5A29000603,6116002048,2019-01-11,,,,,,,,,,
BXTMHA,11,6118002664,5B12002794,2019-01-11,,,,,,,,,,
HNRHYY,11,6116000901,5B14001568,2019-01-11,,,,,,,,,,
NFSBHE,11,5A27001469,6116002683,2019-01-11,,,,,,,,,,
NFZEEA,11,5A28000575,6116002173,2018-11-13,6118002895,2019-01-11,,,,,,,,
ZMANAN,11,6118002769,5A22000854,2019-01-11,,,,,,,,,,
SAWCUA,11,5B20001223,6118003168,2019-01-11,,,,,,,,,,
AVSSPS,11,6116001804,6116002427,2019-01-11,,,,,,,,,,
RXXBMB,11,6116000929,5A23002430,2019-01-11,,,,,,,,,,
WSYFAT,11,6116001890,5B12003086,2019-01-11,,,,,,,,,,
RXYMZM,11,5B13002318,6118002564,2019-01-11,,,,,,,,,,
WYZQZQ,11,6116001396,6116002772,2019-01-11,,,,,,,,,,
UBPMCS,11,6129001306,6116001070,2019-01-11,,,,,,,,,,
HSAWUU,11,6116001817,5B13000889,2019-01-11,,,,,,,,,,
YSYZXH,11,5A29001222,6116002675,2019-01-11,,,,,,,,,,
UTZNHG,11,6118002917,5B13001222,2019-01-11,,,,,,,,,,
EXTRA,11,6115000632,6118001735,2018-06-19,6115001157,2019-01-11,5A28001231,2019-02-19,,,,,,
EXTRA,11,6112000215,6116002579,2019-01-11,,,,,,,,,,
SPARE,11,6118001735,5A28001231,2019-01-11,6118002622,2019-02-21,,,,,,,,
XKQKKE,12,6118003157,6126000165,2018-05-24,6116002186,2019-01-11,,,,,,,,
CYPXWG,12,5B12002951,6116001356,2019-01-11,,,,,,,,,,
ARAZWE,12,5A28000065,6118002125,2019-01-11,,,,,,,,,,
ZUZYPH,12,6115001181,5B20001369,2019-01-11,,,,,,,,,,
GKWPAF,12,6116000919,6130000081,2018-09-19,6118003154,2019-01-11,,,,,,,,
PVAKAT,12,6116001434,6118003394,2019-01-11,,,,,,,,,,
SRXQKE,12,5A27001261,6118002791,2019-01-11,,,,,,,,,,
EXTRA,12,6115001215,6111000253,2019-01-11,,,,,,,,,,
EXTRA,12,6116002077,6116002078,2019-01-11,,,,,,,,,,
SPARE,12,6126000165,6118003589,2019-01-11,,,,,,,,,,
RAGXBW,13,6116000782,6115000437,2019-01-11,,,,,,,,,,
GQUUGW,13,6115000530,5A28000316,2019-01-11,,,,,,,,,,
KGBQMV,13,6115001493,5A23001885,2019-01-11,,,5B12002790,,,,,,,
QRKKSB,13,6116000977,6116002239,2019-01-11,,,,,,,,,,
FWQCPT,13,5A27000666,5B12003062,2019-01-11,,,,,,,,,,
CXVSXR,13,6111001361,6115001503,2019-01-11,,,,,,,,,,
VEZNUW,13,5A28000816,6118003568,2018-10-22,6115001405,2019-01-11,,,,,,,,
SQNUCY,13,6118002282,6116002711,2019-01-11,,,,,,,,,,
MQWHTH,13,5B04000066,6118002828,2019-01-11,,,,,,,,,,
BWEMMQ,13,6116002684,5B12002610,2019-01-11,,,,,,,,,,
AAREUU,13,6129001946,6109000655,2019-01-11,,,,,,,,,,
BGUTZW,13,6116001266,6118002892,2019-01-11,,,,,,,,,,
EYTEZG,13,5A29001253,6116001876,2019-01-11,,,,,,,,,,
GTFUHC,13,5C02000059,6116001026,2018-10-22,6130000073,2018-11-12,6118003095,2018-11-26,6116002323,2019-01-11,,,,
VKCKZZ,13,6115001093,6118002241,2019-01-11,,,,,,,,,,
BRUYQQ,13,6115002272,5B13001202,2018-08-06,5A28001717,2019-01-11,,,,,,,,
TUFQET,13,6129002219,6116002131,2018-06-18,5B13002313,2019-01-11,,,,,,,,
ZRKGCS,13,5A29001355,6115001491,2018-12-03,6118002366,2019-01-11,,,,,,,,
UNPBWA,13,6118002712,6118003011,2018-09-03,5B13001483,2019-01-11,,,,,,,,
XEYTTT,13,5B20002340,5B13001281,2019-01-11,6111000173,2018-12-12,6115001119,2019-01-21,,,,,,
EXTRA,13,6116000840,6116001420,2019-01-11,,,,,,,,,,
SPARE,13,6116002131,6115001119,2019-01-11,,,,,,,,,,
BNQPNK,14,6111001829,6116001620,2018-06-07,6111001069,2019-01-11,,,,,,,,
YTXVCE,14,5B20000842,5B13001797,2019-01-11,,,,,,,,,,
RBTTGN,14,6111000703,6118003233,2019-01-11,,,,,,,,,,
PUURWH,14,6118002737,6115002009,2018-11-27,6118002737,2018-12-13,5A28002453,2018-12-31,6116002526,2019-01-11,6130000027,2019-01-22,5B12003815,2019-01-29
ACYQQH,14,6116000808,6118002643,2018-12-31,6109000540,2019-01-11,,,,,,,,
QHBZMV,14,5A27002025,6114000881,2019-01-11,,,,,,,,,,
MRKAUP,14,6116002302,6116002464,2019-01-11,,,,,,,,,,
KXTNWS,14,5A23002523,5A27000475,2019-01-11,,,,,,,,,,
EECSRE,14,6116002555,6118003287,2018-08-23,6118002367,2019-01-11,,,,,,,,
GYNSGC,14,6118001669,6118003262,2019-01-11,,,,,,,,,,
WKWXMY,14,5B20001393,6111000156,2019-01-11,,,,,,,,,,
ZNCNCG,14,5A28000367,6116002706,2019-01-11,,,,,,,,,,
SZMHWC,14,6115002153,5A27001520,2018-05-31,5B20002347,2018-09-04,5A27001520,2018-11-06,6116002406,2019-01-11,6118003156,2019-01-29,,
BMMGVG,14,6118002481,6116001463,2019-01-11,,,,,,,,,,
TKCSMR,14,6111001154,5B20002005,2018-11-22,6111002118,2019-01-11,6111001641,2019-02-07,,,,,,
SPARE,14,5A27001520,6130000027,2019-01-11,,,,,,,,,,
PSXAXE,15,6118003058,6115000424,2018-05-28,6116002629,2019-01-11,,,,,,,,
PEVSPR,15,6115000468,6116002755,2019-01-11,,,,,,,,,,
VKMGHT,15,5A28000828,5B13001814,2018-10-29,6127002893,2019-01-11,,,,,,,,
APVEZU,15,5B20001016,6129002119,2018-09-03,5B13001062,2019-01-11,,,,,,,,
KBTQQK,15,6118002184,5B12003367,2019-01-11,,,,,,,,,,
BKWNQH,15,6118003048,6115002205,2019-01-11,,,,,,,,,,
RWQPGE,15,6116002642,6111000801,2019-01-11,,,,,,,,,,
GSNSFY,15,6116002646,6116002370,2019-01-11,,,,,,,,,,
QSTHUQ,15,6111000637,5A29001262,2019-01-11,,,,,,,,,,
PUZPUF,15,5A27001498,5B13002126,2019-01-11,,,,,,,,,,
FPBZKF,15,6118003276,5B13002246,2019-01-11,,,,,,,,,,
SNCXAM,15,6116001087,5A29001337,2019-01-11,,,,,,,,,,
QPNEUP,15,6118002662,5B12002820,2019-01-11,,,,,,,,,,
ESZFRT,15,6118001750,5A27001571,2018-06-18,6112001104,2019-01-11,,,,,,,,
KHYBNQ,15,6111000532,6118002101,2019-01-11,,,,,,,,,,
EXTRA,15,5A27001942,6116001106,2018-10-29,5B12002593,2019-01-11,,,,,,,,
EXTRA,15,6111001700,5B13002426,2019-01-11,,,,,,,,,,
EXTRA,15,6111002108,6129002500,2018-07-23,5A27001431,2018-10-24,5B12003021,2019-01-11,,,,,,
SPARE,15,6115000424,5B13001066,2019-01-11,,,,,,,,,,
VYQHTA,16,5A27000218,6115001299,2018-09-04,5B20001016,2018-10-04,6116002436,2019-01-11,,,,,,
ZWBCAX,16,5A27001320,6116001833,2019-01-11,,,,,,,,,,
WKWTYS,16,6118002386,6116001838,2019-01-11,,,,,,,,,,
HTHWZK,16,6112000541,6116002246,2018-08-14,6118003216,2019-01-11,,,,,,,,
BQHSXP,16,5A27001473,6116001722,2019-01-11,,,,,,,,,,
NKCGWU,16,6116001388,6116002533,2019-01-11,,,,,,,,,,
RSXZYK,16,6116001342,6111001917,2018-05-21,6118002302,2018-06-26,6112001064,2018-08-14,6116002307,2019-01-11,,,,
HSHBXS,16,6111001334,6111001844,2018-06-26,6112001185,2019-01-11,,,,,,,,
SNZTKY,16,6115000406,6112001191,2019-01-11,,,,,,,,,,
BKCTHG,16,6115001580,5B12002995,2019-01-11,,,,,,,,,,
GTVYYC,16,6113000233,6118002407,2019-01-11,,,,,,,,,,
AGNHQR,16,6116001364,6116001576,2018-05-21,6116002064,2018-06-05,6116001928,2019-01-11,,,,,,
GVTFAF,16,6116002539,5B12004773,2019-01-11,,,,,,,,,,
WMEVWF,16,6128000920,5B13001168,2019-01-11,,,,,,,,,,
ZMEETT,16,5A28000007,6116001467,2018-07-31,5A21000031,2018-08-21,5B13002412,2018-09-04,6112001114,2019-01-11,,,,
GHWUNH,16,6116002736,5B13001001,2019-01-11,,,,,,,,,,
QCAEBY,16,5A28002687,6116002066,2019-01-11,,,,,,,,,,
EXTRA,16,5A28001202,6118003335,2019-01-11,,,,,,,,,,
EXTRA,16,6115001470,6130000879,2018-06-26,6112001125,2019-01-11,,,,,,,,
EXTRA,16,6111001886,5A28000139,2018-09-04,6115001155,2019-01-11,,,,,,,,
EXTRA,16,6116002384,5B13000770,2019-01-11,,,,,,,,,,
EXTRA,16,6116002324,6118003390,2019-01-11,,,,,,,,,,
SPARE,16,6116002064,5B13001548,2019-01-11,,,,,,,,,,
EYZQAP,17,6114000384,6114000052,2019-01-11,,,,,,,,,,
GHVZAC,17,6118002336,6116001523,2019-01-11,,,,,,,,,,
XUAMGR,17,6116002234,6111001973,2019-01-11,,,,,,,,,,
QZEXAR,17,6129002208,5A28000351,2019-01-11,,,,,,,,,,
NNABXZ,17,5A29001401,6116002862,2019-01-11,,,,,,,,,,
GVRPZG,17,6116001785,6116002514,2019-01-11,,,,,,,,,,
TCMVPK,17,6111001889,6116002718,2019-01-11,,,,,,,,,,
UEQFSV,17,6115001220,6114000112,2019-01-11,,,,,,,,,,
BEYQCX,17,6116002610,6118002870,2019-01-11,5B13001172,2019-02-20,,,,,,,,
MUGRAH,17,6118001532,6129001326,2018-10-17,5A28000286,2019-01-11,,,,,,,,
ZATAFV,17,6116001845,5A28000396,2018-10-30,5B20001324,2019-01-11,,,,,,,,
AHCPSK,17,5A28000051,6116002705,2019-01-11,,,,,,,,,,
NUTYFS,17,6111002017,6116001557,2019-01-11,,,,,,,,,,
BBREGT,17,5B04000012,6111001604,2018-09-26,5A28000396,2018-10-10,5B23001020,2019-01-11,,,,,,
FWPZVR,17,5B07003414,6111000622,2019-01-11,,,,,,,,,,
YWTECT,17,6116002387,6116002448,2019-01-11,6114000048,2019-02-05,,,,,,,,
TPKEKF,17,5A27001911,5A28000372,2019-01-11,,,,,,,,,,
SPARE,17,5A29000867,5A28000396,2018-09-26,6114000048,2019-01-11,,,,,,,,
NXHUGQ,18,6116001043,6116001901,2019-01-11,,,,,,,,,,
CKAQQK,18,6116000882,6116002343,2019-01-11,,,,,,,,,,
UXEHSK,18,6116002215,5A22000709,2018-12-17,6116002869,2019-01-11,,,,,,,,
EXTRA,18,6129001155,6118002806,2018-12-17,5A28001810,2019-01-11,,,,,,,,
GYZRGF,18,6126000238,6116001150,2019-01-11,,,,,,,,,,
SBZTRG,18,5A27001935,6111001128,2018-05-21,5B20001258,2018-11-05,5A27002032,2019-01-11,,,,,,
CKBRMG,18,6111001325,6129001207,2019-01-11,,,,,,,,,,
EXTRA,18,6129001448,6111001180,2019-01-11,,,,,,,,,,
EXTRA,18,5A27001917,5A23002623,2018-10-22,6116002829,2019-01-11,,,,,,,,
EXTRA,18,5A27001510,5B13001045,2019-01-11,,,,,,,,,,
EXTRA,18,6115000570,6116002568,2019-01-11,,,,,,,,,,
EXTRA,18,6118003171,6118001559,2019-01-11,,,,,,,,,,
EXTRA,18,5A27001827,5B13002204,2019-01-11,,,,,,,,,,
EXTRA,18,6113002090,5A29001300,2019-01-11,6111000290,2019-01-29,,,,,,,,
EXTRA,18,5A27002007,6118002652,2018-12-17,5B12003753,2019-01-11,,,,,,,,
EXTRA,18,5A27001930,6129001080,2018-08-06,6111001467,2019-01-11,,,,,,,,
EXTRA,18,6116001737,6114000061,2018-10-15,6112001136,2019-01-11,,,,,,,,
EXTRA,18,6111001120,5B20001221,2018-12-17,6118002499,2019-01-11,,,,,,,,
EXTRA,18,6116001471,6111000672,2018-10-09,6116002202,2019-01-11,,,,,,,,
EXTRA,18,5A22000053,5B12002791,2019-01-11,,,,,,,,,,
EXTRA,18,6111002129,6115000467,2018-09-10,5A27001778,2018-10-15,6118003317,2019-01-11,,,,,,
SPARE,18,6111000672,5A28002545,2019-01-11,,,,,,,,,,
WTFETK,19,6118002953,5A27000022,2018-10-31,5A27001315,2019-01-11,,,,,,,,
FRUYTQ,19,6116002700,6118002789,2019-01-11,,,,,,,,,,
PAPGVM,19,6118003041,5A28000383,2019-01-11,,,,,,,,,,
BHYPMK,19,6116001390,5B20001298,2019-01-11,,,,,,,,,,
BAZTBV,19,6118002083,6112001242,2019-01-11,,,,,,,,,,
YWURTB,19,5A28001272,6118003592,2018-09-05,6111001942,2019-01-11,,,,,,,,
XUWBQT,19,6111000135,6116002063,2019-01-11,,,,,,,,,,
PTSSER,19,6111000285,6116001084,2019-01-11,,,,,,,,,,
MNYXWU,19,5A22000819,6109000134,2019-01-11,,,,,,,,,,
KAXMXZ,19,6116001180,,2019-01-11,,,,,,,,,,
KSEMGR,19,6118001917,6111001552,2019-01-11,,,,,,,,,,
ECYRTW,19,6116001119,6111000385,2018-12-11,5B13002222,2019-01-11,,,,,,,,
EKZSUT,19,6111001900,5A27001466,2019-01-11,,,,,,,,,,
QMEMPM,19,6111000309,6129001067,2019-01-11,,,,,,,,,,
RKVQZF,19,5B12002762,6118003173,2019-01-11,,,,,,,,,,
XWZUAC,19,5A27002018,6115000810,2019-01-11,,,,,,,,,,
XKFKPK,19,6111001849,6116001501,2018-10-16,6118002843,2019-01-11,,,,,,,,
BQZZAK,19,6116001803,5B13002296,2019-01-11,,,,,,,,,,
MBCSZE,19,6118002640,6116002028,2018-11-08,6116000751,2019-01-11,,,,,,,,
MCCYVY,19,6116001871,6118002087,2019-01-11,,,,,,,,,,
SPARE,19,6116001501,6116001874,2019-01-11,,,,,,,,,,
HQAAGN,20,6116001474,6111001200,2019-01-11,,,,,,,,,,
YKUEYP,20,6111001145,5A21000288,2018-11-05,6118003247,2019-01-11,,,,,,,,
RFGHMG,20,6118002240,6116002160,2019-01-11,,,,,,,,,,
REUMMR,20,6109001549,6118003204,2019-01-11,,,,,,,,,,
PHTTWG,20,6116001389,6118003253,2018-09-17,6118001547,2019-01-11,,,,,,,,
MQFMGT,20,6118001628,5A28001180,2018-06-18,5B13001106,2019-01-11,,,,,,,,
QMFKRK,20,6111000563,6112001274,2019-01-11,,,,,,,,,,
VZETCZ,20,5A23002376,6115000954,2019-01-11,,,,,,,,,,
KYPMHN,20,6129001193,6118001626,2019-01-11,,,,,,,,,,
VZESVC,20,6115000590,6118003343,2019-01-11,5A28001941,2019-02-04,,,,,,,,
NUFMQW,20,6118002898,5A27002120,2019-01-11,,,,,,,,,,
EAPKUP,20,6111001589,6118001710,2018-10-01,6112001382,2019-01-02,6112001291,2019-01-11,,,,,,
TWEHRR,20,6126000453,6109001549,2018-12-17,6111002164,2019-01-11,,,,,,,,
CSEWHT,20,6129001232,6118001553,2019-01-11,,,,,,,,,,
EXTRA,20,6111001890,6111001876,2018-09-17,6111002179,2019-01-11,,,,,,,,
SPARE,20,6112001382,5A28001871,2019-01-11,,,,,,,,,,
YRGRFA,21,5A29000819,6116002778,2019-01-11,,,,,,,,,,
EAEEEH,21,6111000346,5B13001265,2019-01-11,,,,,,,,,,
GBHMBR,21,6111000176,5A22000138,2019-01-11,,,,,,,,,,
BCTGQA,21,6130000069,6116002305,2018-10-16,5B14002032,2019-01-11,,,,,,,,
VSNCCN,21,6115001213,5A22000138,,,,,,,,,,,
RVBWQB,21,6111001756,5B12003016,2019-01-11,,,,,,,,,,
CGECTA,21,6129001215,6118003310,2019-01-11,,,,,,,,,,
GABAAP,21,6116001323,5B12002837,2019-01-11,,,,,,,,,,
YRBXPY,21,5A27001969,5B12002905,2019-01-11,,,,,,,,,,
HGBEZZ,21,5A27001899,6111001812,2018-10-30,5B12003773,2019-01-11,,,,,,,,
CEETUU,21,6115002313,6111000552,2019-01-11,,,,,,,,,,
SHVRKS,21,5A29000563,5B13002455,2019-01-11,,,,,,,,,,
TMMBZG,21,6118002611,6129001874,2018-11-27,,,,,,,,,,
HSVBMW,21,6116000893,5B12002768,2019-01-11,,,,,,,,,,
NGZXTV,21,6111002153,5B12002689,2019-01-11,,,,,,,,,,
YWYGRC,21,6116001627,6111000854,2019-01-11,,,,,,,,,,
AKSANK,21,6118002219,6116002044,2018-06-12,6115001228,2019-01-11,,,,,,,,
YFSEXC,21,6111001345,5B13000803,2019-01-11,,,,,,,,,,
FXWZTC,21,6116001684,6116002382,2018-10-02,,,,,,,,,,
VSKTQW,21,6118001640,6116002350,2019-01-11,,,,,,,,,,
SPARE,21,6116002305,5A27000693,2018-10-23,6115001194,2019-01-11,,,,,,,,
QXFACN,22,5B12002575,6116002372,2019-01-11,,,,,,,,,,
RNAKUM,22,6118003274,5B13000675,2019-01-11,,,,,,,,,,
YRXPYK,22,6118003530,6118002817,2019-01-11,,,,,,,,,,
EHRXSB,22,6118002753,6112000270,2019-01-11,,,,,,,,,,
KXVKYH,22,5A27001248,5B12003037,2019-01-11,,,,,,,,,,
PVQWGS,22,5A27001577,6118003285,2019-01-11,,,,,,,,,,
MRRQRR,22,6115001321,6112001488,2019-01-11,,,,,,,,,,
EXTRA,22,6116001920,6116002846,2019-01-11,,,,,,,,,,
EXTRA,22,6118002770,6118003297,2019-01-11,,,,,,,,,,
SPARE,22,6115001606,5A27001928,2019-01-11,,,,,,,,,,
WRFCRM,23,6111001835,6118002393,2019-01-11,,,,,,,,,,
PPYCFP,23,5A22001259,,2019-01-11,,,,,,,,,,
RZGZPK,23,6118002545,6111001908,2019-01-11,,,,,,,,,,
GTBNNC,23,6116000917,6116002731,2019-01-11,,,,,,,,,,
PTMCPZ,23,6111001055,6116002868,2019-01-11,,,,,,,,,,
EXTRA,23,6116000938,6118003061,2018-12-20,5B12002657,2019-01-11,,,,,,,,
QRGHBS,23,5A27001959,5B12004774,2019-01-11,,,,,,,,,,
FTQSKH,23,6118003086,5B12003053,2019-01-11,,,,,,,,,,
NCAWGS,23,6116002125,5B13001204,2019-01-11,,,,,,,,,,
AHATCE,23,6115001356,6112001508,2019-01-11,,,,,,,,,,
UAHPZV,23,6114000873,6111001746,2018-11-13,5B12003778,2019-01-11,,,,,,,,
YXTSUB,23,6115002385,6118003313,2019-01-11,,,,,,,,,,
CZTVSV,23,6116001306,5A28000382,2019-01-11,,,,,,,,,,
HETUKC,23,6118002346,6111000190,2018-10-01,5B13002170,2019-01-11,,,,,,,,
EXTRA,23,6118003081,5B14001738,2019-01-11,,,,,,,,,,
EXTRA,23,6116001572,6116001807,2018-07-05,5A29001315,2019-01-11,,,,,,,,
SPARE,23,6111001746,6118003085,2018-11-13,5B13001643,2019-01-11,,,,,,,,
XBBFGM,24,6111001694,5B12002728,2019-01-11,,,,,,,,,,
RNWMHM,24,6115002251,6111000662,2019-01-11,,,,,,,,,,
BBAAWT,24,5A27001621,6116001743,2019-01-11,,,,,,,,,,
BCYQKX,24,5A27000734,6111000791,2019-01-11,,,,,,,,,,
BCEAZK,24,5A27001069,5B13001455,2019-01-11,,,,,,,,,,
ZZMVAE,24,6116001616,5B13001677,2019-01-11,,,,,,,,,,
YGGETW,24,6118003441,6112000071,,,,,,,,,,,
PNAKUH,24,6116002191,5C02001252,2018-09-20,5A27001644,2018-10-08,6112000081,2019-01-11,,,,,,
XSQTRP,24,5A27001804,5B12003609,2019-01-11,,,,,,,,,,
EXTRA,24,6116001085,6112001153,2019-01-11,,,,,,,,,,
EXTRA,24,6116001432,5A27001885,2019-01-11,,,,,,,,,,
EXTRA,24,6116002485,6116002559,2019-01-11,5A27002035,2019-02-19,,,,,,,,
EXTRA,24,6116002090,6116001729,2019-01-11,,,,,,,,,,
EXTRA,24,5B20001191,5B20001133,2018-09-20,5B20002343,2018-11-19,6112001380,2019-01-11,,,,,,
SPARE,24,5A27001644,6129001130,2019-01-11,,,,,,,,,,
BUQBFC,25,6118002053,6106001353,2019-01-11,,,,,,,,,,
NMTUSN,25,6111001831,5B13001120,2019-01-11,,,,,,,,,,
BTSTHQ,25,5A29001400,6116002783,2019-01-11,,,,,,,,,,
YPMPBS,25,6118002725,5B20002224,2019-01-03,6116002415,2019-01-11,,,,,,,,
PFHNYV,25,6111001711,5B12003384,2019-01-11,,,,,,,,,,
BMFETA,25,6116001980,5A29001267,2019-01-11,,,,,,,,,,
GQGHUY,25,6113000458,6116002669,2019-01-11,,,,,,,,,,
MHXGWM,25,6116001595,5B20001017,2019-01-03,6112000110,2019-01-11,,,,,,,,
WWNHSV,25,6116001565,6116002697,2019-01-11,,,,,,,,,,
VKFAFX,25,6118001950,5A27001609,2019-01-11,6109001353,2019-01-21,,,,,,,,
KZMAZQ,25,6111001604,6118003161,2019-01-11,,,,,,,,,,
MGSTYB,25,6116002023,6116002341,2018-09-11,6116002450,2018-11-21,5B13002225,2019-01-11,,,,,,
SQVBVY,25,6112001127,6111000355,2019-01-11,,,,,,,,,,
BZKXYW,25,6118002382,5B20001012,2018-09-05,5B14002041,,6116001574,2018-11-14,5B13001212,2019-01-11,,,,
APEKPQ,25,6116001946,5A27000580,2018-10-17,6118002486,2019-01-11,,,,,,,,
KXUQQF,25,6118003000,6111002071,2019-01-11,,,,,,,,,,
SPARE,25,5B12003021,5B14002041,2018-09-05,6116002780,2019-01-11,,,,,,,,
MHPQQY,26,6116002170,6111002031,2018-09-10,6118003068,2019-01-11,,,,,,,,
WPWSZA,26,6116001029,6118001544,2019-01-11,,,,,,,,,,
RFZMYT,26,6118002984,6116002342,2019-01-11,,,,,,,,,,
UGXEYW,26,5A27001289,5A28000162,2019-01-11,,,,,,,,,,
SXCZCQ,26,6118003597,5B20001253,2018-11-20,5A28000854,2019-01-11,,,,,,,,
PHZAKE,26,6111000588,6118002384,2019-01-11,,,,,,,,,,
PRHSXA,26,6115001413,6118001649,2018-11-20,5A27000442,2019-01-11,,,,,,,,
BVWYRA,26,5B20001241,6116001851,2019-01-11,,,,,,,,,,
SPARE,26,6111001743,5A23001927,2019-01-11,,,,,,,,,,
FZRGXU,27,6118002787,6118003321,2018-11-14,5A27002149,2018-12-13,6111000718,2019-01-11,,,,,,
RXFQRN,27,6111001623,6118002962,2019-01-11,,,,,,,,,,
YGRXUZ,27,5A27001949,5B20001809,2019-01-11,,,,,,,,,,
AMWYYQ,27,5A90003003,5B20002305,2018-08-23,6116002414,2019-01-11,,,,,,,,
QVBXAU,27,5B12003020,6112001154,,6116002676,2018-09-11,5A23001458,2018-10-17,5A22000792,2019-01-11,,,,
SBPYRP,27,6118002004,6115001334,2019-01-11,,,,,,,,,,
FBRXCW,27,6115002141,5B13000693,2019-01-11,,,,,,,,,,
RRNYBN,27,5A28002503,6118002180,2018-09-18,5A23001458,2019-01-04,6118002511,2019-01-11,5A22000303,2018-12-21,,,,
ZRQPRM,27,6129002323,6111000084,,5B13002272,2018-07-18,6116000755,2019-01-11,,,,,,
ATYHTT,27,6115000612,5B12003668,2019-01-11,,,,,,,,,,
YSSRFA,27,5A27000732,6115002080,2019-01-11,,,,,,,,,,
SVBMQM,27,6116001713,6111000150,2019-01-11,,,,,,,,,,
QSXFVB,27,5B20001568,6116002159,2019-01-04,5B13002293,2019-01-11,6116001538,2018-12-14,,,,,,
SHMMCQ,27,5A28002402,6111001774,2019-01-11,,,,,,,,,,
XRQBMC,27,6127001508,6116002178,2018-09-11,6116001011,2018-12-18,5A29001212,2019-01-11,,,,,,
PATRFR,27,5B13001214,6118003308,2019-01-11,,,,,,,,,,
SBSEKU,27,5A27000452,6111000604,2019-01-11,,,,,,,,,,
SPARE,27,5A23001458,6116000904,2019-01-11,,,,,,,,,,
XSYBCM,28,6111000576,6115001277,2019-01-11,,,,,,,,,,
PZYEMN,28,5A23001236,6115002018,2019-01-11,,,,,,,,,,
NYAHZV,28,5B20001112,6118002385,2019-01-11,,,,,,,,,,
BKEVXZ,28,6116001562,5A27001443,2019-01-11,,,,,,,,,,
EXTRA,28,6118003239,6118001742,2019-01-11,,,,,,,,,,
EXTRA,28,6116002694,5A29001461,2018-06-18,6116002727,2019-01-11,,,,,,,,
EXTRA,28,6114000029,6118002661,2019-01-11,,,,,,,,,,
SPARE,28,5A29001461,6118001745,2019-01-11,,,,,,,,,,